variableMetadata	initial_names	category	full_info	limma2ways_WT.LAT_diff	limma2ways_WT.LAT_BH	limma2ways_WT.LAT_signif	limma2ways_M.F_diff_LAT	limma2ways_M.F_BH_LAT	limma2ways_M.F_signif_LAT	PCA_xload-p1_LAT	PCA_xload-p2_LAT	OPLSDA_xload-p1_LAT	OPLSDA_xload-o1_LAT	OPLSDA_VIP-pred_LAT	OPLSDA_VIP-ortho_LAT	OPLSDA_coef_LAT	biosign_plsda_LAT	biosign_forest_LAT	biosign_svm_LAT	limma2ways_WT.MX2_diff	limma2ways_WT.MX2_BH	limma2ways_WT.MX2_signif	limma2ways_M.F_diff_MX2	limma2ways_M.F_BH_MX2	limma2ways_M.F_signif_MX2	PCA_xload-p1_MX2	PCA_xload-p2_MX2	biosign_plsda_MX2	biosign_forest_MX2	biosign_svm_MX2
Anapath...A2.heart	Anapath:% A2 heart	Anapath	A2_heart	-0.0177435897435898	0.984617370016117	0	0.0157142857142858	0.91471776111422	0	0.001598346476444	0.0712813687573346	0.0701429271994725	-0.0969689013494061	0.871745330740315	1.02003904863416	0.0159943959416204	E	E	E	-0.0332380952380953	0.876371079342731	0	0.0212019230769231	0.700383077342576	0	0.00774568111678525	0.103086233352417	E	E	E
Anapath.A2.heart..g.	Anapath:A2 heart (g)	Anapath	A2_heart_g	-0.00287179487179487	0.995852089179934	0	-0.0228571428571429	0.814064501447433	0	-0.113152773150058	0.0398231451644714	0.06112604783628	-0.142761594972309	0.759682393013775	1.50174333719974	0.00714109081919488	E	E	E	-0.00633333333333333	0.980278276953432	0	-0.0240384615384615	0.606480787932414	0	-0.0911582924129494	0.08226183496824	E	E	E
Anapath.A2.heart..mg...mg.	Anapath:A2 heart (mg) (mg)	Anapath	A2_heart_mg_mg	-2.96923076923076	0.984617370016117	0	-22.0714285714286	0.0201955394986722	1	-0.113811365360921	0.044335029541626	0.0594112335587207	-0.153145305750188	0.738370460375178	1.61097207255475	0.00762669912267023	E	E	E	-6.84285714285713	0.947358899292223	0	-23.3317307692308	0.0202231872596742	1	-0.0938849730688155	0.0775560959825592	E	E	E
Anapath.body.weight..g.	Anapath:body weight (g)	Anapath	body_weight_g	0.253892307692308	0.995852089179934	0	-4.22092857142857	2.3579788040901e-06	1	-0.153338166617453	-9.20737189907071e-05	0.0124160360635446	-0.126201471913782	0.154308094869183	1.32754344491656	-0.00461398734104409	E	E	E	0.120414285714286	0.947358899292223	0	-4.67233173076923	2.39462649817506e-07	1	-0.134879553097942	0.0147395629498784	E	E	E
Auditory.brainstem.response.nb.cage	Auditory brainstem response:nb/cage	Auditory and PPI	brainstem_response_nb_cage	-0.97948717948718	0.162253152068003	0	0.0714285714285716	0.996835825592045	0	0.0152532457814876	-0.0405149483746788	0.199285440252633	0.14857310566386	2.47674511117448	1.56287600710158	0.0476762481509556	E	E	E	-0.919047619047619	0.176976867698087	0	0.413461538461538	0.337063232911414	0	0.0235508704814236	0.110244518372479	E	E	E
Auditory.startle.reflex.reactivity.and.PPI...P1...PP70	Auditory startle reflex reactivity and PPI - P1:% PP70	Auditory and PPI	startle_reflex_reactivity_and_PPI_P1_PP70	-4.40230769230769	0.984617370016117	0	8.27928571428571	0.517683314598154	0	0.0499537440402989	-0.0501612800829102	0.00611806156203278	0.0503455797276182	0.0760360568459992	0.529597185630168	0.0116564342705917	E	E	E	2.34571428571429	0.980278276953432	0	6.53913461538461	0.556855876234621	0	0.0350142256980086	-0.100571404995873	E	E	E
Auditory.startle.reflex.reactivity.and.PPI...P1...PP75	Auditory startle reflex reactivity and PPI - P1:% PP75	Auditory and PPI	startle_reflex_reactivity_and_PPI_P1_PP75	-4.26205128205128	0.984617370016117	0	5.82428571428571	0.588355149100067	0	0.0423211569965959	-0.0329139772110471	0.000968680202122805	0.0153889527456119	0.0120388822778912	0.161880071854667	0.0145810356702325	E	E	E	4.82047619047619	0.947358899292223	0	1.41365384615385	0.922580479517124	0	0.00495609293158744	-0.112652167873613	E	E	E
Auditory.startle.reflex.reactivity.and.PPI...P1...PP85	Auditory startle reflex reactivity and PPI - P1:% PP85	Auditory and PPI	startle_reflex_reactivity_and_PPI_P1_PP85	2.14564102564103	0.984617370016117	0	-3.77571428571429	0.71839330761573	0	-0.00729740656615142	0.0117791971304673	-0.0110574705216671	-0.00887151372125972	0.137423667387729	0.0933215731048817	-0.00856348027332584	E	E	E	13.2211904761905	0.176976867698087	0	0.655432692307684	0.997689409556618	0	-0.00280170735112471	-0.108022052874462	E	E	E
Auditory.startle.reflex.reactivity.and.PPI...P1...PP90	Auditory startle reflex reactivity and PPI - P1:% PP90	Auditory and PPI	startle_reflex_reactivity_and_PPI_P1_PP90	4.94615384615385	0.916031852420545	0	-4.47285714285714	0.517683314598154	0	-0.0238602792124466	0.0214540908416842	-0.064242116905205	-0.0133443234345416	0.798409300623073	0.140372127469914	-0.0249587988333163	E	E	E	12.1764285714286	0.031179852662437	1	-1.22586538461539	0.700383077342576	0	-0.0245680866191197	-0.0838606251447727	S	E	E
Auditory.startle.reflex.reactivity.and.PPI...P1.BN..65.	Auditory startle reflex reactivity and PPI - P1:BN (65)	Auditory and PPI	startle_reflex_reactivity_and_PPI_P1_BN_65	1.67692307692308	0.916031852420545	0	0.828571428571429	0.737101592118995	0	0.0244177281686134	0.0484777001208906	-0.0563942460474362	0.000151897231029078	0.700874951121838	0.00159784327627646	-0.0220337007539692	E	E	E	3.49285714285714	0.589179619600589	0	1.35528846153846	0.689242567006475	0	0.0316103442334133	-0.0561414707142932	E	E	E
Auditory.startle.reflex.reactivity.and.PPI...P1.Body.weight..g.	Auditory startle reflex reactivity and PPI - P1:Body weight (g)	Auditory and PPI	startle_reflex_reactivity_and_PPI_P1_Body_weight_g	0.631282051282053	0.984617370016117	0	-4.75	3.18380328343578e-07	1	-0.15281765592159	-0.00508861039846781	0.00880732830705038	-0.0894436531715426	0.109458610219305	0.940879164534567	-0.0113146644349772	E	E	E	0.603809523809524	0.625873377246316	0	-4.84038461538461	2.39462649817506e-07	1	-0.131125416816006	0.00852105979187101	E	E	E
Auditory.startle.reflex.reactivity.and.PPI...P1.Glb	Auditory startle reflex reactivity and PPI - P1:Glb	Auditory and PPI	startle_reflex_reactivity_and_PPI_P1_Glb	-0.392717948717952	0.995852089179934	0	1.46428571428572	0.873539137189559	0	0.0261007336463483	-0.0225505860169943	-0.0138140727695398	0.01966130217904	0.171683075060543	0.206821936626382	0.00161823975759318	E	E	E	8.13909523809523	0.598369176102296	0	1.84528846153847	0.843024714596136	0	0.00975328131341448	-0.119346167505947	E	E	E
Auditory.startle.reflex.reactivity.and.PPI...P1.P70	Auditory startle reflex reactivity and PPI - P1:P70	Auditory and PPI	startle_reflex_reactivity_and_PPI_P1_P70	-1.97538461538462	0.942521120990032	0	1.77142857142857	0.704763585785359	0	0.0333913318266709	-0.0293410020697931	0.0461414085289198	0.0157824686131868	0.573451366300688	0.166019559315056	0.0178734694030703	E	E	E	0.682857142857141	0.980278276953432	0	0.943269230769229	0.823127013581972	0	0.0163069079904398	-0.050881785722411	E	E	E
Auditory.startle.reflex.reactivity.and.PPI...P1.P75	Auditory startle reflex reactivity and PPI - P1:P75	Auditory and PPI	startle_reflex_reactivity_and_PPI_P1_P75	0.756410256410263	0.984617370016117	0	3.73571428571429	0.737138216183935	0	0.0465541480894595	-0.0162589324369234	-0.02593192524172	0.0189265176984743	0.322285305862547	0.199092563063546	-0.00256946390237164	E	E	E	3.00476190476191	0.952565244485835	0	5.21778846153846	0.55952630476958	0	0.0238885623430378	-0.0985189082284694	E	E	E
Auditory.startle.reflex.reactivity.and.PPI...P1.P85	Auditory startle reflex reactivity and PPI - P1:P85	Auditory and PPI	startle_reflex_reactivity_and_PPI_P1_P85	-9.23897435897436	0.984617370016117	0	-11.3428571428571	0.725684948884197	0	0.00940478137327196	0.0307413746384653	-0.00680316781892477	-0.0279091978396088	0.084550645619977	0.293583522307603	0.0102397558772389	E	E	E	-9.51809523809524	0.947358899292223	0	-2.84807692307692	0.938080059185184	0	-0.000352484837689837	-0.0580903346872617	E	E	E
Auditory.startle.reflex.reactivity.and.PPI...P1.P90	Auditory startle reflex reactivity and PPI - P1:P90	Auditory and PPI	startle_reflex_reactivity_and_PPI_P1_P90	-0.470256410256411	0.984617370016117	0	-59.8785714285714	0.148517823461781	0	-0.0348721304169452	0.0893247824086752	0.00508095159351535	-0.102792677495795	0.0631467206204345	1.08130074178685	0.000622594611688767	E	E	E	-19.0719047619048	0.947358899292223	0	-18.7355769230769	0.646083183776906	0	-0.0144463568353202	0.00360486643368261	E	E	E
Auditory.startle.reflex.reactivity.and.PPI...P1.PP70	Auditory startle reflex reactivity and PPI - P1:PP70	Auditory and PPI	startle_reflex_reactivity_and_PPI_P1_PP70	77.0641025641027	0.984617370016117	0	-336.264285714286	0.0405105658777105	1	-0.105353891495021	0.0696320996078006	-0.00158775019693853	-0.128888920314437	0.0197327638840483	1.35581335693691	-0.0109921804219879	E	E	E	31.0119047619048	0.980278276953432	0	-432.923557692308	0.0057135688237975	1	-0.0993687975314024	0.0982297368282447	E	E	E
Auditory.startle.reflex.reactivity.and.PPI...P1.PP75	Auditory startle reflex reactivity and PPI - P1:PP75	Auditory and PPI	startle_reflex_reactivity_and_PPI_P1_PP75	57.4948717948718	0.984617370016117	0	-227.035714285714	0.0658544967391589	0	-0.0978397755271978	0.0510830920618155	-0.000238393978353324	-0.101805743308491	0.00296279105825057	1.07091894519565	-0.0111831089434725	E	E	E	-21.3023809523809	0.980278276953432	0	-248.901442307692	0.0248357786528481	1	-0.0814431014944362	0.111449706566459	E	E	E
Auditory.startle.reflex.reactivity.and.PPI...P1.PP85	Auditory startle reflex reactivity and PPI - P1:PP85	Auditory and PPI	startle_reflex_reactivity_and_PPI_P1_PP85	22.214358974359	0.984617370016117	0	-105.571428571429	0.395704925858921	0	-0.0707994957455939	0.0234969268146329	-0.00931874964640762	-0.0778907649343377	0.115814620474734	0.819351572054245	-0.0057409621959059	E	E	E	-80.0219047619048	0.625008896275534	0	-157.142788461538	0.0323374125512688	1	-0.0714340835597355	0.112522827422723	E	E	E
Auditory.startle.reflex.reactivity.and.PPI...P1.PP90	Auditory startle reflex reactivity and PPI - P1:PP90	Auditory and PPI	startle_reflex_reactivity_and_PPI_P1_PP90	3.63538461538462	0.995865447584443	0	-67.4642857142857	0.410367191659653	0	-0.0678754523343574	0.0207770948142313	0.00587891098261204	-0.0883989127423744	0.0730638626522639	0.929889290269637	-0.00116197716424178	E	E	E	-72.9371428571428	0.353392555465758	0	-104.609615384615	0.00893124567999216	1	-0.070885922855042	0.120683792598399	E	E	E
Auditory.startle.reflex.reactivity.and.PPI...P1.ST110	Auditory startle reflex reactivity and PPI - P1:ST110	Auditory and PPI	startle_reflex_reactivity_and_PPI_P1_ST110	82.1620512820513	0.984617370016117	0	-371.871428571429	0.0302331293833694	1	-0.105205116797782	0.0598553648239943	-0.0137881577748771	-0.125873858797671	0.171361000170097	1.32409720424942	-0.0110928728364695	E	E	E	82.9538095238095	0.876371079342731	0	-573.307692307692	0.000239186220818085	1	-0.112578441517828	0.0653853309352453	E	E	E
Auditory.startle.reflex.reactivity.and.PPI...P1.nb.cage	Auditory startle reflex reactivity and PPI - P1:nb/cage	Auditory and PPI	startle_reflex_reactivity_and_PPI_P1_nb_cage	-0.97948717948718	0.162253152068003	0	0.0714285714285716	0.996835825592045	0	0.0152532457814876	-0.0405149483746788	0.199285440252633	0.14857310566386	2.47674511117448	1.56287600710158	0.0476762481509556	E	E	E	-0.919047619047619	0.176976867698087	0	0.413461538461538	0.337063232911414	0	0.0235508704814236	0.110244518372479	E	E	E
Body.Weight.body.weight.w7..g.	Body Weight:body weight w7 (g)	Body	Weight_body_weight_w7_g	0.645641025641027	0.984617370016117	0	-4.30714285714286	3.73205925119302e-07	1	-0.14280491702542	-0.00842202227382322	0.0126085521723743	-0.0671117509389316	0.156700709857823	0.70596454767753	-0.0127792592971477	E	E	E	0.860476190476192	0.548935124821593	0	-4.55817307692308	1.41281323008211e-07	1	-0.125963037920103	-0.018355281578256	E	E	E
Clinical.chemistry.parameters.ALP..U.l.	Clinical chemistry parameters:ALP (U/l)	Clinical chemistry	chemistry_parameters_ALP_U_l	-14.5384615384615	0.293807361763699	0	39.1538461538462	9.51570658491292e-07	1	0.124059023361262	-0.0166572274996451	0.089567991151578	0.132743620015817	1.11316252668117	1.3963618643599	0.0366039002553797	E	E	E	-3.05494505494507	0.947358899292223	0	42.1833333333333	3.5377999016787e-06	1	0.108472532360834	0.022430288531654	E	E	E
Clinical.chemistry.parameters.Albumin..g.l.	Clinical chemistry parameters:Albumin (g/l)	Clinical chemistry	chemistry_parameters_Albumin_g_l	0.76923076923077	0.942521120990032	0	0.923076923076923	0.459230599848121	0	0.0768048734382534	0.00757695400575876	-0.0827192566254993	0.0484427768299475	1.02804557215758	0.509581147184145	-0.0171149164775135	E	E	E	1.63736263736264	0.547596394489161	0	1.96666666666667	0.0639550906491005	0	0.0772726526489552	-0.0624691285708596	E	E	E
Clinical.chemistry.parameters.Blood.Urea.Nitrogen.mg.dl..mg.dl.	Clinical chemistry parameters:Blood Urea Nitrogen mg/dl (mg/dl)	Clinical chemistry	chemistry_parameters_Blood_Urea_Nitrogen_mg_dl_mg_dl	-0.851958041958046	0.984617370016117	0	-0.604825174825173	0.782246453672174	0	-0.00432651759596544	-0.044852930261127	0.0587960253692832	0.0529294162592809	0.730724573783503	0.556777179637593	0.0190974665382481	E	E	E	0.0837012987012962	0.9915101651456	0	0.282884615384614	0.922580479517124	0	0.00504417629375094	-0.0933955608714154	E	E	E
Clinical.chemistry.parameters.Ca..mmol.l.	Clinical chemistry parameters:Ca (mmol/l)	Clinical chemistry	chemistry_parameters_Ca_mmol_l	0.0413286713286714	0.984617370016117	0	0.08958041958042	0.537071618037714	0	0.0780560431859578	0.0304188632580503	-0.0652634957072073	0.0201756433497487	0.811103127885664	0.212232414327399	-0.0139703436453971	E	E	E	0.161493506493506	0.347648405311366	0	0.128461538461538	0.187203843332605	0	0.0454559322668311	0.000294416258230205	E	E	E
Clinical.chemistry.parameters.Ca.mg.dl..mg.dl.	Clinical chemistry parameters:Ca mg/dl (mg/dl)	Clinical chemistry	chemistry_parameters_Ca_mg_dl_mg_dl	0.165314685314684	0.984617370016117	0	0.358321678321678	0.329836290120762	0	0.0780560431859578	0.0304188632580503	-0.0652634957072073	0.0201756433497487	0.811103127885664	0.212232414327398	-0.013970343645397	E	E	E	0.646688311688312	0.176976867698087	0	0.514615384615384	0.120406657898567	0	0.0454755860507853	0.000419711666773297	E	E	E
Clinical.chemistry.parameters.Glucose..mmol.l.	Clinical chemistry parameters:Glucose (mmol/l)	Clinical chemistry	chemistry_parameters_Glucose_mmol_l	-1.66503496503496	0.848394139836858	0	1.91678321678322	0.230912788428914	0	0.0579181545652858	0.0447324307006628	0.104106707741331	0.000196124001076109	1.29385156844345	0.00206307524049538	0.0298234468673989	E	E	E	-0.851298701298701	0.618741494925878	0	3.88653846153846	0.00108916920692025	1	0.0572557260238944	0.028561744690934	E	E	E
Clinical.chemistry.parameters.Glucose.mg.dl..mg.dl.	Clinical chemistry parameters:Glucose mg/dl (mg/dl)	Clinical chemistry	chemistry_parameters_Glucose_mg_dl_mg_dl	-29.9706293706294	0.848394139836858	0	34.5020979020979	0.230912788428914	0	0.0579181545652858	0.0447324307006627	0.104106707741331	0.000196124001076175	1.29385156844345	0.00206307524049608	0.0298234468673989	E	E	E	-15.3233766233766	0.618741494925878	0	69.9576923076923	0.00108916920692025	1	0.0572557260238943	0.0285617446909339	E	E	E
Clinical.chemistry.parameters.HDL.Chol...mmol.l.	Clinical chemistry parameters:HDL Chol. (mmol/l)	Clinical chemistry	chemistry_parameters_HDL_Chol_mmol_l	-0.151748251748252	0.916031852420545	0	-0.291328671328671	0.0450416230970021	1	-0.0510630957691885	0.082696230706055	0.118343143001635	-0.0439719699060586	1.47078381892202	0.4625516606394	0.0269428565724236	E	E	E	-0.114935064935065	0.621142204706423	0	-0.215705128205128	0.0142500844725797	1	-0.0570627035499131	0.0336047350300743	E	E	E
Clinical.chemistry.parameters.HDL.Chol..mg.dl..mg.dl.	Clinical chemistry parameters:HDL Chol. mg/dl (mg/dl)	Clinical chemistry	chemistry_parameters_HDL_Chol_mg_dl_mg_dl	-5.87181818181818	0.740338260879259	0	-11.2739160839161	0.0110069887739526	1	-0.0510629251023692	0.0826897164888339	0.118346340422492	-0.043953743982524	1.47082355688011	0.462359937793786	0.0269412896041221	E	E	E	-4.44753246753247	0.609442260353238	0	-8.34865384615385	0.00496701098398443	1	-0.057062201243986	0.0335983603236182	E	E	E
Clinical.chemistry.parameters.Non.HDL.Chol...mmol.l.	Clinical chemistry parameters:Non HDL Chol. (mmol/l)	Clinical chemistry	chemistry_parameters_Non_HDL_Chol_mmol_l	0.0378321678321679	0.984617370016117	0	0.131678321678322	0.325371177001994	0	0.0980098693039128	0.0273546436016859	-0.0312391351195207	0.0931166196278772	0.38824399357278	0.97951597651911	-0.00777854412447108	E	E	E	0.0551948051948052	0.913909103806414	0	0.0785256410256411	0.337063232911414	0	0.0700448633169399	-0.0752458660588705	E	E	E
Clinical.chemistry.parameters.P..mmol.l.	Clinical chemistry parameters:P (mmol/l)	Clinical chemistry	chemistry_parameters_P_mmol_l	-0.0574125874125875	0.984617370016117	0	0.698531468531469	0.00141789919304528	1	0.114690504034445	-0.0354452506982894	0.0288252314532002	0.11671612725792	0.358243687996887	1.22776483750644	0.0136992361531238	E	E	E	0.102532467532467	0.980278276953432	0	0.679038461538461	0.000123898708771184	1	0.0977886590551392	-0.0165005672025623	E	E	E
Clinical.chemistry.parameters.P.mg.dl..mg.dl.	Clinical chemistry parameters:P mg/dl (mg/dl)	Clinical chemistry	chemistry_parameters_P_mg_dl_mg_dl	-0.178951048951049	0.984617370016117	0	2.16104895104895	0.000645113404028221	1	0.114647107429753	-0.0354974363100371	0.028924995413508	0.116643191487051	0.35948356734106	1.22699760870119	0.0137341142454799	E	E	E	0.315389610389611	0.980278276953432	0	2.10217948717949	8.83036197544105e-05	1	0.0978186625148304	-0.0164731797845128	E	E	E
Clinical.chemistry.parameters.T..Chol...mmol.l.	Clinical chemistry parameters:T. Chol. (mmol/l)	Clinical chemistry	chemistry_parameters_T_Chol_mmol_l	-0.069294871794872	0.984617370016117	0	-0.191923076923077	0.410367191659653	0	-0.00542152643308719	0.0881934461092573	0.0506568270160368	-0.0195289020741708	0.629569568657551	0.205429188279948	0.0102488953551481	E	E	E	-0.0151190476190477	0.9915101651456	0	-0.168333333333333	0.187203843332605	0	-0.0141282757000649	-0.0180688765652166	E	E	E
Clinical.chemistry.parameters.T..Chol..mg.dl..mg.dl.	Clinical chemistry parameters:T. Chol. mg/dl (mg/dl)	Clinical chemistry	chemistry_parameters_T_Chol_mg_dl_mg_dl	-2.68160256410256	0.984617370016117	0	-7.42897435897436	0.330445220399782	0	-0.00542325058898478	0.0882033090452224	0.0506492411400902	-0.019552860005585	0.62947529041454	0.205681207486384	0.0102463593067915	E	E	E	-0.586547619047622	0.9915101651456	0	-6.51392857142856	0.16280419872801	0	-0.0141218559907382	-0.0180509697073007	E	E	E
Clinical.chemistry.parameters.T..bilirubin..µmol.l.	Clinical chemistry parameters:T. bilirubin (µmol/l)	Clinical chemistry	chemistry_parameters_T_bilirubin_µmol_l	1.72115384615385	0.162253152068003	0	0.698717948717949	0.456979077789542	0	0.0476968894767872	-0.00306268808926782	-0.179803044823096	0.0108626348608333	2.23461539225018	0.114266652245334	-0.0492364609218511	E	E	E	1.98214285714286	0.176976867698087	0	-0.370238095238096	0.595341845058124	0	0.0130772375097525	-0.102287075976785	E	E	E
Clinical.chemistry.parameters.T..bilirubin.mg.dl..mg.dl.	Clinical chemistry parameters:T. bilirubin mg/dl (mg/dl)	Clinical chemistry	chemistry_parameters_T_bilirubin_mg_dl_mg_dl	0.100192307692308	0.916031852420545	0	0.0392307692307692	0.737138216183935	0	0.0464111123950489	-0.00458534381597649	-0.179329647739298	0.0126127520822423	2.2287319523388	0.132676553571242	-0.0488942298245188	E	E	E	0.115357142857143	0.347648405311366	0	-0.0254761904761904	0.66447341369277	0	0.0106714435112347	-0.103521887505322	E	E	E
Clinical.chemistry.parameters.TG..mmol.l.	Clinical chemistry parameters:TG (mmol/l)	Clinical chemistry	chemistry_parameters_TG_mmol_l	-0.0560839160839162	0.984617370016117	0	-0.0983216783216785	0.737138216183935	0	-0.0175702436558732	-0.0247338924611015	0.0546319595854387	0.0690891878190542	0.678973028062592	0.726765678822311	0.0126042557987156	E	E	E	-0.156688311688312	0.876371079342731	0	-0.238525641025641	0.249911711882394	0	-0.0538679669820645	-0.0473491571140996	E	E	E
Clinical.chemistry.parameters.TG.mg.dl..mg.dl.	Clinical chemistry parameters:TG mg/dl (mg/dl)	Clinical chemistry	chemistry_parameters_TG_mg_dl_mg_dl	-4.96594405594405	0.984617370016117	0	-8.70062937062937	0.728634223526423	0	-0.0175673303423446	-0.0247373263609057	0.0546386246530954	0.069088299825211	0.679055862381615	0.726756337802846	0.0126080792075949	E	E	E	-13.8686363636364	0.876371079342731	0	-21.1095512820513	0.237850602362268	0	-0.0538631620351351	-0.0473485716821592	E	E	E
Clinical.chemistry.parameters.Urea..mmol.l.	Clinical chemistry parameters:Urea (mmol/l)	Clinical chemistry	chemistry_parameters_Urea_mmol_l	-0.304195804195805	0.984617370016117	0	-0.216083916083917	0.782246453672174	0	-0.00437297600434581	-0.0448962965980808	0.0588486228122585	0.0528794817701709	0.731378261577173	0.55625190681242	0.0191120816099727	E	E	E	0.0298701298701296	0.9915101651456	0	0.100641025641026	0.922580479517124	0	0.00504148174542306	-0.0933678504723161	E	E	E
Clinical.chemistry.parameters.Urea.mg.dl..mg.dl.	Clinical chemistry parameters:Urea mg/dl (mg/dl)	Clinical chemistry	chemistry_parameters_Urea_mg_dl_mg_dl	-1.82517482517483	0.984617370016117	0	-1.2965034965035	0.782246453672174	0	-0.00437297600434578	-0.0448962965980808	0.0588486228122585	0.0528794817701709	0.731378261577173	0.55625190681242	0.0191120816099727	E	E	E	0.179220779220785	0.9915101651456	0	0.603846153846156	0.922580479517124	0	0.00504148174542306	-0.0933678504723161	E	E	E
Dysmorphology.IMPC.Body.weight..g.	Dysmorphology IMPC:Body weight (g)	Dysmorphology	IMPC_Body_weight_g	0.434358974358975	0.984617370016117	0	-4.57857142857143	8.94869595473144e-08	1	-0.14929462422919	-0.0050284746519912	0.0122709810604572	-0.0916165123363496	0.152505332613733	0.963735989397412	-0.00817670710982578	E	E	E	0.640952380952381	0.618741494925878	0	-4.57644230769231	2.39462649817506e-07	1	-0.129284154491615	-0.0063773583339245	E	E	E
Dysmorphology.IMPC.Loc..activity	Dysmorphology IMPC:Loc. activity	Dysmorphology	IMPC_Loc_activity	-7.42051282051282	0.162253152068003	0	-1.07142857142857	0.737138216183935	0	-0.0127055840757879	-0.101223719711624	0.158714861713498	0.119020318548725	1.97252873727912	1.25200317639073	0.049042413185201	E	E	E	-3.76666666666667	0.609442260353238	0	-2.39423076923077	0.501744202094118	0	-0.0436968257524615	0.0431273679084402	E	E	E
Dysmorphology.IMPC.Nb.cage	Dysmorphology IMPC:Nb/cage	Dysmorphology	IMPC_Nb_cage	-0.97948717948718	0.162253152068003	0	0.0714285714285716	0.996835825592045	0	0.0152532457814876	-0.0405149483746788	0.199285440252633	0.14857310566386	2.47674511117448	1.56287600710158	0.0476762481509556	E	E	E	-0.919047619047619	0.176976867698087	0	0.413461538461538	0.337063232911414	0	0.0235508704814236	0.110244518372479	E	E	E
Dysmorphology.IMPC.Vibrissae...presence	Dysmorphology IMPC:Vibrissae - presence	Dysmorphology	IMPC_Vibrissae_presence	0.0205128205128204	0.984617370016117	0	0	0.996835825592045	0	-0.00465240993498376	0.0102081710432925	-0.0487485196987779	-0.0297824350218259	0.605852879607675	0.313288551926633	-0.00289390190562469	E	E	E	-0.133333333333333	0.625008896275534	0	-0.0144230769230769	0.967649185517898	0	-0.00223819426183387	-0.0114767666992921	E	E	E
ECG.in.anaesthetized.conditions.HR..bpm.	ECG in anaesthetized conditions:HR (bpm)	ECG	in_anaesthetized_conditions_HR_bpm	-13.8871794871795	0.984617370016117	0	46.5714285714286	0.0405105658777105	1	0.0673318823505154	0.0338990225094935	0.00849417939768743	-0.0858572864966411	0.105566755253127	0.903153316348063	0.0151066481599088	E	E	E	3.90952380952382	0.983804434507425	0	50.3413461538461	0.0264401537031287	1	0.0468804202139199	0.0641512095151017	E	E	E
ECG.in.anaesthetized.conditions.Number.of.signals	ECG in anaesthetized conditions:Number of signals	ECG	in_anaesthetized_conditions_Number_of_signals	-6.73846153846152	0.984617370016117	0	-28.1428571428571	0.410367191659653	0	-0.075527877693468	0.0331916105589829	0.055605142770899	-0.156732857631513	0.6910678739972	1.64871038821088	0.00670213597822549	E	E	E	31.3714285714286	0.618741494925878	0	-16.5240384615385	0.585669488896985	0	-0.0413792998111392	0.0223301768434121	E	E	E
ECG.in.anaesthetized.conditions.PR..ms.	ECG in anaesthetized conditions:PR (ms)	ECG	in_anaesthetized_conditions_PR_ms	-1.04358974358974	0.984617370016117	0	3.26428571428571	0.0876652891232948	0	0.0334058017502466	-0.0424406548763003	0.0399040393272299	0.06275270850486	0.495932538747145	0.660110738512623	0.0135529186490545	E	E	E	-0.980952380952381	0.913909103806414	0	2.24615384615385	0.18942372154293	0	0.0286575192365658	-0.0269719585603252	E	E	E
ECG.in.anaesthetized.conditions.Pdur..ms.	ECG in anaesthetized conditions:Pdur (ms)	ECG	in_anaesthetized_conditions_Pdur_ms	-1.23179487179488	0.916031852420545	0	1.34285714285715	0.425656229310493	0	0.0153964758506661	-0.0628944585479932	0.0720658931661574	0.0632744353484741	0.895644199372685	0.66559890787209	0.0241843417717334	E	E	E	0.463809523809523	0.947358899292223	0	-0.400961538461537	0.783493675702091	0	-0.0124156514361822	-0.0557592112823765	E	E	E
ECG.in.anaesthetized.conditions.QRS..ms.	ECG in anaesthetized conditions:QRS (ms)	ECG	in_anaesthetized_conditions_QRS_ms	-0.570769230769232	0.984617370016117	0	-0.335714285714285	0.79338136864923	0	-0.0195425798142518	0.0702999039040814	0.0639325488461697	-0.0818097899305709	0.794561948925831	0.860576732627394	0.0151069555782209	E	E	E	-0.125714285714288	0.980278276953432	0	0.283173076923077	0.842564218032323	0	0.0134729096312959	0.0798883445594136	E	E	E
ECG.in.anaesthetized.conditions.QT..ms.	ECG in anaesthetized conditions:QT (ms)	ECG	in_anaesthetized_conditions_QT_ms	2.28784615384615	0.942521120990032	0	-3.12214285714285	0.410367191659653	0	-0.0524858860146985	-0.0114039861639759	-0.0585138760247937	0.0266624269513075	0.727217985401031	0.280468441358247	-0.0205466393856107	E	E	E	2.35542857142858	0.685348378518802	0	-1.55451923076923	0.571933483335227	0	-0.0294462974178688	-0.0239690603850806	E	E	E
ECG.in.anaesthetized.conditions.QT.corrigé..ms.Corr.	ECG in anaesthetized conditions:QT corrigé (ms Corr)	ECG	in_anaesthetized_conditions_QT_corrigé_ms_Corr	4.60215384615384	0.942521120990032	0	-1.91571428571429	0.873539137189559	0	-0.02847070677197	0.00840981218498477	-0.0699223472171719	-0.018784847649694	0.869003934318713	0.197602301961616	-0.0183669780204245	E	E	E	7.65742857142857	0.609442260353238	0	3.14384615384616	0.700383077342576	0	-0.00461112005561967	0.0149856218702605	E	E	E
ECG.in.anaesthetized.conditions.RR..ms.	ECG in anaesthetized conditions:RR (ms)	ECG	in_anaesthetized_conditions_RR_ms	2.69333333333333	0.984617370016117	0	-14.9257142857143	0.0405648743994091	1	-0.0647729585750432	-0.0375112874880234	0.00678727612156814	0.0903305257434009	0.0843531415590361	0.950208389078407	-0.0091995331300396	E	E	E	-2.86023809523809	0.980278276953432	0	-16.6685576923077	0.0258868334413602	1	-0.0446438594437902	-0.0693599361597567	E	E	E
ECG.in.anaesthetized.conditions.Ramp..mv.	ECG in anaesthetized conditions:Ramp (mv)	ECG	in_anaesthetized_conditions_Ramp_mv	-0.0935897435897436	0.942521120990032	0	0.0750000000000001	0.704763585785359	0	-0.015178667429678	-0.0502403511486691	0.0981239425731256	0.0184523435916445	1.21949699260051	0.194104612307304	0.0252235449229933	E	E	E	-0.180952380952381	0.43979936680558	0	-0.104423076923077	0.381961451210046	0	-0.0369666534270187	0.00874723577678045	E	E	E
ECG.in.anaesthetized.conditions.ST..ms.	ECG in anaesthetized conditions:ST (ms)	ECG	in_anaesthetized_conditions_ST_ms	1.77466666666667	0.984617370016117	0	-2.92857142857143	0.433211800324187	0	-0.0505402851483225	-0.0215686511192808	-0.0549832946073938	0.0291185984574648	0.683339464952857	0.306305496450738	-0.0158766971710924	E	E	E	1.68538095238095	0.881482448834562	0	-1.31245192307692	0.646083183776906	0	-0.0294628381021144	-0.0320452625699369	E	E	E
ECG.in.anaesthetized.conditions.STE..mv.	ECG in anaesthetized conditions:STE (mv)	ECG	in_anaesthetized_conditions_STE_mv	0.0233333333333333	0.984617370016117	0	0.0221428571428571	0.814064501447433	0	0.0416536750228516	-0.0905962628485935	-0.129254020602281	0.127708679228812	1.60638561061219	1.34339811888237	-0.0287956453899083	E	E	E	0.0233333333333333	0.947358899292223	0	-0.00235576923076923	0.967307064923204	0	-0.0180698946886302	-0.0628910772477156	E	E	E
Echocardiography.using.the.Vevo.light.Body.mass..g.	Echocardiography using the Vevo light:Body mass (g)	Echocardiography	using_the_Vevo_light_Body_mass_g	0.563076923076924	0.984617370016117	0	-4.78571428571428	1.1505908194069e-06	1	-0.1526260768037	0.0121402165782603	0.0104444675525706	-0.122486213118668	0.129805187558392	1.28846174971263	-0.00958048420391428	E	E	E	0.561428571428571	0.71008664093391	0	-4.44711538461538	1.91902868204726e-06	1	-0.130573128452408	0.00759320094954945	E	E	E
Echocardiography.using.the.Vevo.light.EF....	Echocardiography using the Vevo light:EF (%)	Echocardiography	using_the_Vevo_light_EF	3.20958974358975	0.443183863445415	0	1.68214285714286	0.467829840627746	0	0.0465474393779382	0.00609984989650995	-0.11972529565489	0.09035398861833	1.48796139006071	0.950455200667359	-0.0370026011417022	E	E	E	3.08409523809524	0.618741494925878	0	2.46927884615385	0.390326876764615	0	0.037938958544627	-0.00342174457027555	E	E	E
Echocardiography.using.the.Vevo.light.FS....	Echocardiography using the Vevo light:FS (%)	Echocardiography	using_the_Vevo_light_FS	2.0568717948718	0.435421245390612	0	1.10071428571429	0.456259544138462	0	0.0434699208459181	0.00299507391990834	-0.121131878417661	0.0859303941771324	1.50544258174606	0.903922353511715	-0.0377151721081878	E	E	E	2.10533333333333	0.609442260353238	0	1.50346153846154	0.443940100362693	0	0.034204104211858	-0.00576892029885896	E	E	E
Echocardiography.using.the.Vevo.light.HR..bpm.	Echocardiography using the Vevo light:HR (bpm)	Echocardiography	using_the_Vevo_light_HR_bpm	11.9230769230769	0.916031852420545	0	38.0714285714286	0.0199594037928992	1	0.0969635156922874	0.0500656929390355	-0.0744375374516911	-0.0273738989177912	0.925119299922902	0.287952585013819	-0.0162239305359441	E	E	E	25.7142857142857	0.547596394489161	0	42.2980769230769	0.00858509156073002	1	0.0634602058146607	0.00206161795543253	E	E	E
Echocardiography.using.the.Vevo.light.LV.Mass.AW..Corrected...mg.	Echocardiography using the Vevo light:LV Mass AW (Corrected) (mg)	Echocardiography	using_the_Vevo_light_LV_Mass_AW_Corrected_mg	-4.93902564102564	0.942521120990032	0	-8.25071428571428	0.410367191659653	0	-0.0851726260390221	-0.0132473855749466	0.0814032993409211	-0.0808132016469051	1.01169068558402	0.850093382289253	0.0150640959469156	E	E	E	3.00723809523811	0.947358899292223	0	-19.1748076923077	0.0108466878926011	1	-0.102520814226886	-0.000151108127350042	E	E	E
Echocardiography.using.the.Vevo.light.LV.Mass.AW..mg.	Echocardiography using the Vevo light:LV Mass AW (mg)	Echocardiography	using_the_Vevo_light_LV_Mass_AW_mg	-6.1723076923077	0.942521120990032	0	-10.3142857142857	0.410367191659653	0	-0.08517562867384	-0.0132403424999673	0.0813924794161406	-0.0808361565214324	1.01155621416569	0.850334850100568	0.0150608602916053	E	E	E	3.76214285714285	0.947358899292223	0	-23.968125	0.0108466878926011	1	-0.102515489807942	-0.000150058922476116	E	E	E
Echocardiography.using.the.Vevo.light.LV.Vol_d..uL.	Echocardiography using the Vevo light:LV Vol_d (uL)	Echocardiography	using_the_Vevo_light_LV_Vol_d_uL	-0.120717948717953	0.995865447584443	0	-1.81	0.91471776111422	0	-0.0629547920767504	-0.0232091733313706	0.010726230290966	-0.0972737472121229	0.133306971150547	1.02324579512152	0.0006401267548553	E	E	E	0.481095238095236	0.980278276953432	0	-11.1805288461538	0.120406657898567	0	-0.0923472213839776	0.00956014092000439	E	E	E
Echocardiography.using.the.Vevo.light.LV.Vol_s..uL.	Echocardiography using the Vevo light:LV Vol_s (uL)	Echocardiography	using_the_Vevo_light_LV_Vol_s_uL	-1.63328205128205	0.984617370016117	0	-2.47928571428572	0.737138216183935	0	-0.0695863325684892	-0.0167695747808028	0.0359172222184018	-0.116769342155771	0.446383862381631	1.22832461773518	0.0081441063702002	E	E	E	-1.78223809523809	0.947358899292223	0	-6.89759615384615	0.0716453483223715	0	-0.0972459609778308	0.0140562970201035	E	E	E
Echocardiography.using.the.Vevo.light.LVAW_d..mm.	Echocardiography using the Vevo light:LVAW_d (mm)	Echocardiography	using_the_Vevo_light_LVAW_d_mm	-0.0115384615384615	0.984617370016117	0	-0.0621428571428572	0.574562778301119	0	-0.0462780918306632	0.0294073060592279	0.0692765055965494	-0.01868078133908	0.860977331499952	0.196507603568664	0.00693044083600189	E	E	E	0.0178571428571429	0.947358899292223	0	-0.0777884615384615	0.167026140345602	0	-0.0617285556658852	-0.0147901753532885	E	E	E
Echocardiography.using.the.Vevo.light.LVAW_s..mm.	Echocardiography using the Vevo light:LVAW_s (mm)	Echocardiography	using_the_Vevo_light_LVAW_s_mm	-0.0311282051282051	0.984617370016117	0	-0.0249999999999999	0.820895543632494	0	-0.0270612442624646	-0.044789656533226	0.0559568698504774	0.0324031857912761	0.695439183430087	0.340856855623761	0.0155034661543044	E	E	E	0.0351904761904762	0.947358899292223	0	-0.0703365384615384	0.337063232911414	0	-0.0437692902103735	-0.0512951890142116	E	E	E
Echocardiography.using.the.Vevo.light.LVID_d..mm.	Echocardiography using the Vevo light:LVID_d (mm)	Echocardiography	using_the_Vevo_light_LVID_d_mm	-0.024974358974359	0.984617370016117	0	-0.00785714285714256	0.996835825592045	0	-0.0569997161923253	-0.0217058302829619	0.018046068613857	-0.0935660555271828	0.224278864319587	0.984243700158032	0.00335857674419694	E	E	E	0.0101904761904761	0.980278276953432	0	-0.237211538461539	0.16018322251938	0	-0.0898389613261392	0.0116341450044873	E	E	E
Echocardiography.using.the.Vevo.light.LVID_s..mm.	Echocardiography using the Vevo light:LVID_s (mm)	Echocardiography	using_the_Vevo_light_LVID_s_mm	-0.092051282051282	0.984617370016117	0	-0.0549999999999997	0.814064501447433	0	-0.0652555544492404	-0.0183391887308311	0.0514227566687945	-0.113003553112923	0.639088641002056	1.18871138277872	0.0137933889877896	E	E	E	-0.0752380952380949	0.947358899292223	0	-0.233605769230769	0.0913761412766292	0	-0.096256931202563	0.0146303742304528	E	E	E
Echocardiography.using.the.Vevo.light.LVPW_d..mm.	Echocardiography using the Vevo light:LVPW_d (mm)	Echocardiography	using_the_Vevo_light_LVPW_d_mm	-0.0338461538461539	0.984617370016117	0	-0.04	0.723562095816775	0	-0.0543572809664636	-0.00315509298656966	0.10836708693243	0.0147681772667266	1.34680010959089	0.155349986228391	0.0260573890126365	E	E	E	0.0178571428571428	0.947358899292223	0	-0.0499038461538461	0.337063232911414	0	-0.0518566989161787	-0.00466153273680811	E	E	E
Echocardiography.using.the.Vevo.light.LVPW_s..mm.	Echocardiography using the Vevo light:LVPW_s (mm)	Echocardiography	using_the_Vevo_light_LVPW_s_mm	-0.0068717948717949	0.984617370016117	0	-0.0557142857142856	0.619339424546827	0	-0.0587719709044204	-0.0112950310720289	0.043269306584374	0.0128340247500279	0.537756513526041	0.135004173647327	0.00414290299951131	E	E	E	0.0203809523809524	0.947358899292223	0	-0.0561538461538461	0.337063232911414	0	-0.0402760186157447	-0.0289084821398238	E	E	E
Eye.Morphology.Body.weight..g.	Eye Morphology:Body weight (g)	Eye	Morphology_Body_weight_g	-0.242051282051282	0.942521120990032	0	-4.8	3.18380328343578e-07	1	-0.135934570024248	0.0254751428116039	0.0487367031046947	-0.138014455342358	0.605706021454921	1.45180704087706	0.00479183327890267	E	E	E	-0.0695238095238082	0.980278276953432	0	-5.22692307692308	8.43242769374512e-09	1	-0.12370314435672	0.0247513453049113	E	E	E
Grip.test.Grip.mean..4paws...g.	Grip test:Grip mean (4paws) (g)	Grip test	test_Grip_mean_4paws_g	12.2026666666667	0.916031852420545	0	-5.66571428571427	0.799298999691581	0	-0.0538410320222242	0.0549597294895776	-0.0373113705044582	-0.0933907799636536	0.463710516789325	0.98239993461482	-0.0235089727950402	E	E	E	16.593380952381	0.618741494925878	0	-23.1200961538462	0.145263464877489	0	-0.085074468828029	0.0469916682362977	E	E	E
Grip.test.Grip.mean..g.	Grip test:Grip mean (g)	Grip test	test_Grip_mean_g	-0.307692307692307	0.984617370016117	0	-17.9528571428571	0.0405648743994091	1	-0.0987640619206373	0.04033988888863	0.0579306666133735	-0.0923334161046011	0.719969783742672	0.971277271473966	0.00113066418279977	E	E	E	-7.85642857142857	0.71008664093391	0	-20.305	0.0105483782046978	1	-0.0874000281350924	0.117001858296159	E	E	E
Grip.test.Grip.mean.ratio..g.g.	Grip test:Grip mean ratio (g/g)	Grip test	test_Grip_mean_ratio_g_g	-0.140000000000001	0.984617370016117	0	0.332857142857144	0.464754263564096	0	0.0235066618685561	0.0475156439004277	0.0620564734501438	-0.0218374321952862	0.771245842343176	0.22971316835724	0.0104780355270741	E	E	E	-0.510714285714286	0.43979936680558	0	0.184711538461539	0.571933483335227	0	0.0154943625599761	0.14258851758676	E	E	E
Grip.test.Grip.mean.ratio.4paws...g.g.	Grip test:Grip mean ratio(4paws) (g/g)	Grip test	test_Grip_mean_ratio_4paws_g_g	0.289282051282051	0.942521120990032	0	1.865	0.00139041966684974	1	0.0805653479028533	0.0474969361583528	-0.0356301957026943	0.000218750598537466	0.442816659887284	0.00230108982689507	-0.0100612999173615	E	E	E	0.371095238095238	0.947358899292223	0	1.06634615384615	0.111985326375694	0	0.0232248890029471	0.0529058525824168	E	E	E
Grip.test.Nb.cage	Grip test:Nb/cage	Grip test	test_Nb_cage	-0.97948717948718	0.162253152068003	0	0.0714285714285716	0.996835825592045	0	0.0152532457814876	-0.0405149483746788	0.199285440252633	0.14857310566386	2.47674511117448	1.56287600710158	0.0476762481509556	E	E	E	-0.919047619047619	0.176976867698087	0	0.413461538461538	0.337063232911414	0	0.0235508704814236	0.110244518372479	E	E	E
Grip.test.Trial.1..g.	Grip test:Trial 1 (g)	Grip test	test_Trial_1_g	-3.35384615384616	0.984617370016117	0	-18	0.0522397836959456	0	-0.0858317695066889	0.0386834510893831	0.0802130484077286	-0.0803925213985142	0.996898093731254	0.845668146214839	0.00890140552672851	E	E	E	-9.12857142857143	0.71008664093391	0	-18.7788461538462	0.0524973910995196	0	-0.0715892667431013	0.120143395104496	E	E	E
Grip.test.Trial.2..g.	Grip test:Trial 2 (g)	Grip test	test_Trial_2_g	-0.841025641025638	0.984617370016117	0	-16.2857142857143	0.077209511535182	0	-0.0995026468580636	0.0309249132623777	0.0689371026396383	-0.0777553703929329	0.85675918785041	0.81792732451423	0.00248831023484234	E	E	E	-5.46190476190476	0.947358899292223	0	-19.8461538461538	0.0167093357032537	1	-0.0916251314856556	0.113853043440892	E	E	E
Grip.test.Trial.3..g.	Grip test:Trial 3 (g)	Grip test	test_Trial_3_g	3.27179487179487	0.984617370016117	0	-19.5714285714286	0.035727610483822	1	-0.0988201285593276	0.0461405086256088	0.017521778086654	-0.107081801064684	0.217762914140593	1.12641905769846	-0.00817041097536838	E	E	E	-8.98095238095237	0.618741494925878	0	-22.2932692307692	0.00203234720407598	1	-0.0910241293596104	0.102807394812343	E	E	E
Grip.test.Trial1..4paws...g.	Grip test:Trial1 (4paws) (g)	Grip test	test_Trial1_4paws_g	13.0051282051282	0.916031852420545	0	-5	0.839960386364651	0	-0.0474147977059359	0.0493206183147304	-0.0317678678652943	-0.0652649538889631	0.394815152216144	0.686537648128752	-0.0232944549022694	E	E	E	15.2523809523809	0.685348378518802	0	-24.5865384615385	0.16018322251938	0	-0.0834462059267407	0.0534108783983553	E	E	E
Grip.test.Trial2..4paws...g.	Grip test:Trial2 (4paws) (g)	Grip test	test_Trial2_4paws_g	14.3538461538461	0.916031852420545	0	-8.21428571428572	0.723562095816775	0	-0.0589504702396658	0.0616622641662697	-0.0371431822404161	-0.0966455154954768	0.461620251388124	1.01663727554822	-0.0256395610762622	E	E	E	18.4142857142857	0.609442260353238	0	-22.8701923076923	0.158799313195728	0	-0.0849389094303587	0.0604153360093991	E	E	E
Grip.test.Trial3..4paws...g.	Grip test:Trial3 (4paws) (g)	Grip test	test_Trial3_4paws_g	9.24615384615385	0.942521120990032	0	-3.78571428571428	0.873539137189559	0	-0.0480324076612464	0.0463535449392789	-0.0385870601808371	-0.108382700882735	0.479564952343381	1.14010353379654	-0.018203741282426	E	E	E	16.1142857142857	0.618741494925878	0	-21.8990384615385	0.158799313195728	0	-0.0801589435443887	0.0219010207058529	E	E	E
Grip.test.Weight..g.	Grip test:Weight (g)	Grip test	test_Weight_g	0.51794871794872	0.984617370016117	0	-5.11428571428571	8.94869595473144e-08	1	-0.151263477474746	-0.00489588420710751	0.00958633054709485	-0.0928730194004601	0.119140150361818	0.976953487507028	-0.00874196354496511	E	E	E	0.533333333333335	0.685348378518802	0	-5.12884615384615	1.41281323008211e-07	1	-0.130234368272625	0.000432705206259074	E	E	E
Gross.Pathology.Body.Weight..g.	Gross Pathology:Body Weight (g)	Gross	Pathology_Body_Weight_g	0.254205128205129	0.995852089179934	0	-4.21928571428571	2.3579788040901e-06	1	-0.153336283045841	-0.000159188288685839	0.0124194261796355	-0.126135703121366	0.154350227668467	1.32685160727056	-0.00462164702607603	E	E	E	0.12052380952381	0.947358899292223	0	-4.67182692307692	2.39462649817506e-07	1	-0.13488294450208	0.0146715880298806	E	E	E
Haematology...Complete.blood.count..CBC.on.the.Advia.120..BASO....	Haematology - Complete blood count (CBC)on the Advia 120:%BASO (%)	Haematology	Complete_blood_count_CBC_on_the_Advia_120_BASO	NA	NA	NA	NA	NA	NA	NA	NA	NA	NA	NA	NA	NA	NA	NA	NA	0.027972027972028	0.952565244485835	0	0.00559440559440558	0.998774834218601	0	-0.0141616825562645	-0.0175308855097209	E	E	E
Haematology...Complete.blood.count..CBC.on.the.Advia.120..EOSINO....	Haematology - Complete blood count (CBC)on the Advia 120:%EOSINO (%)	Haematology	Complete_blood_count_CBC_on_the_Advia_120_EOSINO	NA	NA	NA	NA	NA	NA	NA	NA	NA	NA	NA	NA	NA	NA	NA	NA	0.262237762237762	0.9915101651456	0	0.92937062937063	0.640666069511291	0	0.0173060552189642	-0.00636090568054432	E	E	E
Haematology...Complete.blood.count..CBC.on.the.Advia.120..LUC....	Haematology - Complete blood count (CBC)on the Advia 120:%LUC (%)	Haematology	Complete_blood_count_CBC_on_the_Advia_120_LUC	NA	NA	NA	NA	NA	NA	NA	NA	NA	NA	NA	NA	NA	NA	NA	NA	-0.208391608391608	0.609442260353238	0	-0.194405594405594	0.259283779243666	0	-0.0705436515725046	0.0600845856311405	E	E	E
Haematology...Complete.blood.count..CBC.on.the.Advia.120..LYMPHO....	Haematology - Complete blood count (CBC)on the Advia 120:%LYMPHO (%)	Haematology	Complete_blood_count_CBC_on_the_Advia_120_LYMPHO	NA	NA	NA	NA	NA	NA	NA	NA	NA	NA	NA	NA	NA	NA	NA	NA	-1.54475524475525	0.947358899292223	0	-2.41608391608392	0.372879383236083	0	-0.0167167367781721	-0.0768545598749475	E	E	E
Haematology...Complete.blood.count..CBC.on.the.Advia.120..MONO....	Haematology - Complete blood count (CBC)on the Advia 120:%MONO (%)	Haematology	Complete_blood_count_CBC_on_the_Advia_120_MONO	NA	NA	NA	NA	NA	NA	NA	NA	NA	NA	NA	NA	NA	NA	NA	NA	-0.263636363636363	0.97231700739273	0	-0.223076923076923	0.842564218032323	0	-0.0397163562356689	0.0941205832444852	E	E	E
Haematology...Complete.blood.count..CBC.on.the.Advia.120..NEUTRO....	Haematology - Complete blood count (CBC)on the Advia 120:%NEUTRO (%)	Haematology	Complete_blood_count_CBC_on_the_Advia_120_NEUTRO	NA	NA	NA	NA	NA	NA	NA	NA	NA	NA	NA	NA	NA	NA	NA	NA	1.72797202797203	0.609442260353238	0	1.93076923076923	0.171261736626275	0	0.0387067526209607	0.0962160160550148	E	E	E
Haematology...Complete.blood.count..CBC.on.the.Advia.120.BASO..x10E03.cells.µL.	Haematology - Complete blood count (CBC)on the Advia 120:BASO (x10E03 cells/µL)	Haematology	Complete_blood_count_CBC_on_the_Advia_120_BASO_x10E03_cells_µL	NA	NA	NA	NA	NA	NA	NA	NA	NA	NA	NA	NA	NA	NA	NA	NA	0.000979020979020979	0.9915101651456	0	-0.000979020979020979	0.997689409556618	0	-0.033258882851443	-0.0257256477836017	E	E	E
Haematology...Complete.blood.count..CBC.on.the.Advia.120.BASO.BRUT..x10E03.cells.µL.	Haematology - Complete blood count (CBC)on the Advia 120:BASO BRUT (x10E03 cells/µL)	Haematology	Complete_blood_count_CBC_on_the_Advia_120_BASO_BRUT_x10E03_cells_µL	NA	NA	NA	NA	NA	NA	NA	NA	NA	NA	NA	NA	NA	NA	NA	NA	0.00048951048951049	0.9915101651456	0	-0.00048951048951049	0.998774834218601	0	-0.033258882851443	-0.0257256477836017	E	E	E
Haematology...Complete.blood.count..CBC.on.the.Advia.120.CHCM..g.dL.	Haematology - Complete blood count (CBC)on the Advia 120:CHCM (g/dL)	Haematology	Complete_blood_count_CBC_on_the_Advia_120_CHCM_g_dL	NA	NA	NA	NA	NA	NA	NA	NA	NA	NA	NA	NA	NA	NA	NA	NA	0.134265734265735	0.947358899292223	0	-0.0503496503496486	0.8697898644777	0	0.0221177863540627	-0.0488376766797675	E	E	E
Haematology...Complete.blood.count..CBC.on.the.Advia.120.CHDW..g.dL.	Haematology - Complete blood count (CBC)on the Advia 120:CHDW (g/dL)	Haematology	Complete_blood_count_CBC_on_the_Advia_120_CHDW_g_dL	NA	NA	NA	NA	NA	NA	NA	NA	NA	NA	NA	NA	NA	NA	NA	NA	0.0241958041958041	0.947358899292223	0	0.00937062937062949	0.955680467531101	0	0.0216801841775525	0.0355507921807242	E	E	E
Haematology...Complete.blood.count..CBC.on.the.Advia.120.EOSINO..x10E03.cells.µL.	Haematology - Complete blood count (CBC)on the Advia 120:EOSINO (x10E03 cells/µL)	Haematology	Complete_blood_count_CBC_on_the_Advia_120_EOSINO_x10E03_cells_µL	NA	NA	NA	NA	NA	NA	NA	NA	NA	NA	NA	NA	NA	NA	NA	NA	-0.0255944055944056	0.980278276953432	0	-0.0415384615384616	0.700383077342576	0	-0.0316482660684811	-0.00522105944645722	E	E	E
Haematology...Complete.blood.count..CBC.on.the.Advia.120.EOSINO.BRUT..x10E03.cells.µL.	Haematology - Complete blood count (CBC)on the Advia 120:EOSINO BRUT (x10E03 cells/µL)	Haematology	Complete_blood_count_CBC_on_the_Advia_120_EOSINO_BRUT_x10E03_cells_µL	NA	NA	NA	NA	NA	NA	NA	NA	NA	NA	NA	NA	NA	NA	NA	NA	-0.0127972027972028	0.980278276953432	0	-0.0207692307692308	0.807206841184506	0	-0.0316482660684811	-0.00522105944645722	E	E	E
Haematology...Complete.blood.count..CBC.on.the.Advia.120.HCT....	Haematology - Complete blood count (CBC)on the Advia 120:HCT (%)	Haematology	Complete_blood_count_CBC_on_the_Advia_120_HCT	NA	NA	NA	NA	NA	NA	NA	NA	NA	NA	NA	NA	NA	NA	NA	NA	-2.36643356643356	0.548935124821593	0	-2.26573426573427	0.187203843332605	0	-0.0413597743427366	0.0149251862850858	E	E	E
Haematology...Complete.blood.count..CBC.on.the.Advia.120.HGB..g.dL.	Haematology - Complete blood count (CBC)on the Advia 120:HGB (g/dL)	Haematology	Complete_blood_count_CBC_on_the_Advia_120_HGB_g_dL	NA	NA	NA	NA	NA	NA	NA	NA	NA	NA	NA	NA	NA	NA	NA	NA	-0.542657342657343	0.625008896275534	0	-0.565034965034965	0.297384684754611	0	-0.0250284397072718	-0.00337286536561281	E	E	E
Haematology...Complete.blood.count..CBC.on.the.Advia.120.HGB.brut..g.dL.	Haematology - Complete blood count (CBC)on the Advia 120:HGB brut (g/dL)	Haematology	Complete_blood_count_CBC_on_the_Advia_120_HGB_brut_g_dL	NA	NA	NA	NA	NA	NA	NA	NA	NA	NA	NA	NA	NA	NA	NA	NA	-0.271328671328671	0.625008896275534	0	-0.282517482517482	0.307448830101372	0	-0.0250284397072718	-0.00337286536561281	E	E	E
Haematology...Complete.blood.count..CBC.on.the.Advia.120.Hte.brut....	Haematology - Complete blood count (CBC)on the Advia 120:Hte brut (%)	Haematology	Complete_blood_count_CBC_on_the_Advia_120_Hte_brut	NA	NA	NA	NA	NA	NA	NA	NA	NA	NA	NA	NA	NA	NA	NA	NA	-1.18321678321678	0.548935124821593	0	-1.13286713286713	0.187203843332605	0	-0.0413597743427366	0.0149251862850858	E	E	E
Haematology...Complete.blood.count..CBC.on.the.Advia.120.LUC..x10E03.cells.µL.	Haematology - Complete blood count (CBC)on the Advia 120:LUC (x10E03 cells/µL)	Haematology	Complete_blood_count_CBC_on_the_Advia_120_LUC_x10E03_cells_µL	NA	NA	NA	NA	NA	NA	NA	NA	NA	NA	NA	NA	NA	NA	NA	NA	-0.0123076923076923	0.980278276953432	0	-0.0179020979020979	0.800682686920937	0	-0.0989418315270812	0.0466069701343459	E	E	E
Haematology...Complete.blood.count..CBC.on.the.Advia.120.LUC.BRUT..x10E03.cells.µL.	Haematology - Complete blood count (CBC)on the Advia 120:LUC BRUT (x10E03 cells/µL)	Haematology	Complete_blood_count_CBC_on_the_Advia_120_LUC_BRUT_x10E03_cells_µL	NA	NA	NA	NA	NA	NA	NA	NA	NA	NA	NA	NA	NA	NA	NA	NA	-0.00615384615384615	0.980278276953432	0	-0.00895104895104895	0.922580479517124	0	-0.0989418315270812	0.0466069701343459	E	E	E
Haematology...Complete.blood.count..CBC.on.the.Advia.120.LYMPHO..x10E03.cells.µL.	Haematology - Complete blood count (CBC)on the Advia 120:LYMPHO (x10E03 cells/µL)	Haematology	Complete_blood_count_CBC_on_the_Advia_120_LYMPHO_x10E03_cells_µL	NA	NA	NA	NA	NA	NA	NA	NA	NA	NA	NA	NA	NA	NA	NA	NA	-0.901818181818182	0.609442260353238	0	-1.56531468531469	0.00532130526207076	1	-0.101304213785791	0.00356163584900333	E	E	E
Haematology...Complete.blood.count..CBC.on.the.Advia.120.LYMPHO.BRUT..x10E03.cells.µL.	Haematology - Complete blood count (CBC)on the Advia 120:LYMPHO BRUT (x10E03 cells/µL)	Haematology	Complete_blood_count_CBC_on_the_Advia_120_LYMPHO_BRUT_x10E03_cells_µL	NA	NA	NA	NA	NA	NA	NA	NA	NA	NA	NA	NA	NA	NA	NA	NA	-0.450909090909091	0.609442260353238	0	-0.782657342657343	0.0057135688237975	1	-0.101304213785791	0.00356163584900333	E	E	E
Haematology...Complete.blood.count..CBC.on.the.Advia.120.MCH..pg.	Haematology - Complete blood count (CBC)on the Advia 120:MCH (pg)	Haematology	Complete_blood_count_CBC_on_the_Advia_120_MCH_pg	NA	NA	NA	NA	NA	NA	NA	NA	NA	NA	NA	NA	NA	NA	NA	NA	0.142657342657342	0.876371079342731	0	0.159440559440558	0.416138688228347	0	0.019256225616887	0.00866427793988887	E	E	E
Haematology...Complete.blood.count..CBC.on.the.Advia.120.MCHC..g.dL.	Haematology - Complete blood count (CBC)on the Advia 120:MCHC (g/dL)	Haematology	Complete_blood_count_CBC_on_the_Advia_120_MCHC_g_dL	NA	NA	NA	NA	NA	NA	NA	NA	NA	NA	NA	NA	NA	NA	NA	NA	0.224475524475523	0.947358899292223	0	0.17832167832168	0.734068435868859	0	0.0430046593909418	-0.045200748295392	E	E	E
Haematology...Complete.blood.count..CBC.on.the.Advia.120.MCV..fL.	Haematology - Complete blood count (CBC)on the Advia 120:MCV (fL)	Haematology	Complete_blood_count_CBC_on_the_Advia_120_MCV_fL	NA	NA	NA	NA	NA	NA	NA	NA	NA	NA	NA	NA	NA	NA	NA	NA	0.141958041958041	0.980278276953432	0	0.260839160839161	0.762022548913056	0	-0.0234893883320622	0.0521675919315133	E	E	E
Haematology...Complete.blood.count..CBC.on.the.Advia.120.MONO..x10E03.cells.µL.	Haematology - Complete blood count (CBC)on the Advia 120:MONO (x10E03 cells/µL)	Haematology	Complete_blood_count_CBC_on_the_Advia_120_MONO_x10E03_cells_µL	NA	NA	NA	NA	NA	NA	NA	NA	NA	NA	NA	NA	NA	NA	NA	NA	-0.0341258741258741	0.947358899292223	0	-0.0565034965034965	0.455927041668207	0	-0.0697597330866825	0.0927405863371904	E	E	E
Haematology...Complete.blood.count..CBC.on.the.Advia.120.MONO.BRUT..x10E03.cells.µL.	Haematology - Complete blood count (CBC)on the Advia 120:MONO BRUT (x10E03 cells/µL)	Haematology	Complete_blood_count_CBC_on_the_Advia_120_MONO_BRUT_x10E03_cells_µL	NA	NA	NA	NA	NA	NA	NA	NA	NA	NA	NA	NA	NA	NA	NA	NA	-0.0170629370629371	0.980278276953432	0	-0.0282517482517483	0.68500412198606	0	-0.0697597330866825	0.0927405863371904	E	E	E
Haematology...Complete.blood.count..CBC.on.the.Advia.120.NEUTRO..x10E03.cells.µL.	Haematology - Complete blood count (CBC)on the Advia 120:NEUTRO (x10E03 cells/µL)	Haematology	Complete_blood_count_CBC_on_the_Advia_120_NEUTRO_x10E03_cells_µL	NA	NA	NA	NA	NA	NA	NA	NA	NA	NA	NA	NA	NA	NA	NA	NA	-0.0391608391608392	0.980278276953432	0	-0.115244755244755	0.26403110539863	0	-0.0738276420618368	0.084719794197728	E	E	E
Haematology...Complete.blood.count..CBC.on.the.Advia.120.NEUTRO.BRUT..x10E03.cells.µL.	Haematology - Complete blood count (CBC)on the Advia 120:NEUTRO BRUT (x10E03 cells/µL)	Haematology	Complete_blood_count_CBC_on_the_Advia_120_NEUTRO_BRUT_x10E03_cells_µL	NA	NA	NA	NA	NA	NA	NA	NA	NA	NA	NA	NA	NA	NA	NA	NA	-0.0195804195804196	0.980278276953432	0	-0.0576223776223776	0.399949127536252	0	-0.0738276420618368	0.084719794197728	E	E	E
Haematology...Complete.blood.count..CBC.on.the.Advia.120.RBC..x10E06.cells.µL.	Haematology - Complete blood count (CBC)on the Advia 120:RBC (x10E06 cells/µL)	Haematology	Complete_blood_count_CBC_on_the_Advia_120_RBC_x10E06_cells_µL	NA	NA	NA	NA	NA	NA	NA	NA	NA	NA	NA	NA	NA	NA	NA	NA	-0.501678321678321	0.609442260353238	0	-0.505314685314685	0.237850602362268	0	-0.0269948695802491	-0.00209211509590152	E	E	E
Haematology...Complete.blood.count..CBC.on.the.Advia.120.RBC.brut..x10E06.cells.µL.	Haematology - Complete blood count (CBC)on the Advia 120:RBC brut (x10E06 cells/µL)	Haematology	Complete_blood_count_CBC_on_the_Advia_120_RBC_brut_x10E06_cells_µL	NA	NA	NA	NA	NA	NA	NA	NA	NA	NA	NA	NA	NA	NA	NA	NA	-0.250839160839161	0.609442260353238	0	-0.252657342657343	0.249911711882394	0	-0.0269948695802491	-0.00209211509590152	E	E	E
Haematology...Complete.blood.count..CBC.on.the.Advia.120.RDW....	Haematology - Complete blood count (CBC)on the Advia 120:RDW (%)	Haematology	Complete_blood_count_CBC_on_the_Advia_120_RDW	NA	NA	NA	NA	NA	NA	NA	NA	NA	NA	NA	NA	NA	NA	NA	NA	0.0300699300699296	0.980278276953432	0	-0.08041958041958	0.842564218032323	0	-0.0277055201163057	0.101219075725012	E	E	E
Haematology...Complete.blood.count..CBC.on.the.Advia.120.WBC..x10E03.cells.µL.	Haematology - Complete blood count (CBC)on the Advia 120:WBC (x10E03 cells/µL)	Haematology	Complete_blood_count_CBC_on_the_Advia_120_WBC_x10E03_cells_µL	NA	NA	NA	NA	NA	NA	NA	NA	NA	NA	NA	NA	NA	NA	NA	NA	-0.930909090909091	0.621142204706423	0	-1.74769230769231	0.00778041806017154	1	-0.103428766661799	0.0171756801466001	E	E	E
Haematology...Complete.blood.count..CBC.on.the.Advia.120.WBC.brut..x10E03.cells.µL.	Haematology - Complete blood count (CBC)on the Advia 120:WBC brut (x10E03 cells/µL)	Haematology	Complete_blood_count_CBC_on_the_Advia_120_WBC_brut_x10E03_cells_µL	NA	NA	NA	NA	NA	NA	NA	NA	NA	NA	NA	NA	NA	NA	NA	NA	-0.465454545454545	0.621142204706423	0	-0.873846153846154	0.00789357559509167	1	-0.103428766661799	0.0171756801466001	E	E	E
Hot.plate.test.Body.weight..g.	Hot plate test:Body weight (g)	Hot plate	plate_test_Body_weight_g	-0.242051282051282	0.942521120990032	0	-4.8	3.18380328343578e-07	1	-0.135934570024248	0.0254751428116039	0.0487367031046947	-0.138014455342358	0.605706021454921	1.45180704087706	0.00479183327890267	E	E	E	-0.0695238095238082	0.980278276953432	0	-5.22692307692308	8.43242769374512e-09	1	-0.12370314435672	0.0247513453049113	E	E	E
Hot.plate.test.Hot.plate.1..s.	Hot plate test:Hot plate 1 (s)	Hot plate	plate_test_Hot_plate_1_s	1.18635897435897	0.942521120990032	0	0.0428571428571427	0.996835825592045	0	0.0196838040514059	-0.0316435027152243	-0.100435930597269	0.0270324845631583	1.24823067745291	0.284361165820206	-0.0189788018611842	E	E	E	0.000809523809522261	0.9915101651456	0	-0.841778846153847	0.662840497123265	0	-0.0210205259864465	-0.0954834059709718	E	E	E
Hot.plate.test.Nb.cage	Hot plate test:Nb/cage	Hot plate	plate_test_Nb_cage	-0.97948717948718	0.162253152068003	0	0.0714285714285716	0.996835825592045	0	0.0152532457814876	-0.0405149483746788	0.199285440252633	0.14857310566386	2.47674511117448	1.56287600710158	0.0476762481509556	E	E	E	-0.990476190476191	0.176976867698087	0	0.490384615384615	0.271332618990171	0	0.0315988829060927	0.104734655752823	E	E	E
Modified.SHIRPA.Body.weight	Modified SHIRPA:Body weight	SHIRPA	SHIRPA_Body_weight	0.51794871794872	0.984617370016117	0	-5.11428571428571	8.94869595473144e-08	1	-0.151263477474746	-0.00489588420710751	0.00958633054709485	-0.0928730194004601	0.119140150361818	0.976953487507028	-0.00874196354496511	E	E	E	0.533333333333335	0.685348378518802	0	-5.12884615384615	1.41281323008211e-07	1	-0.130234368272625	0.000432705206259074	E	E	E
Modified.SHIRPA.Loc..activity	Modified SHIRPA:Loc. activity	SHIRPA	SHIRPA_Loc_activity	-7.42051282051282	0.162253152068003	0	-1.07142857142857	0.737138216183935	0	-0.0127055840757879	-0.101223719711624	0.158714861713498	0.119020318548725	1.97252873727912	1.25200317639073	0.049042413185201	E	E	E	-3.76666666666667	0.609442260353238	0	-2.39423076923077	0.501744202094118	0	-0.0436968257524615	0.0431273679084402	E	E	E
Modified.SHIRPA.Nb.cage	Modified SHIRPA:Nb/cage	SHIRPA	SHIRPA_Nb_cage	-0.97948717948718	0.162253152068003	0	0.0714285714285716	0.996835825592045	0	0.0152532457814876	-0.0405149483746788	0.199285440252633	0.14857310566386	2.47674511117448	1.56287600710158	0.0476762481509556	E	E	E	-0.919047619047619	0.176976867698087	0	0.413461538461538	0.337063232911414	0	0.0235508704814236	0.110244518372479	E	E	E
Modified.SHIRPA.Nb.cage.Eumodic	Modified SHIRPA:Nb/cage Eumodic	SHIRPA	SHIRPA_Nb_cage_Eumodic	-0.97948717948718	0.162253152068003	0	0.0714285714285716	0.996835825592045	0	0.0152532457814876	-0.0405149483746788	0.199285440252633	0.14857310566386	2.47674511117448	1.56287600710158	0.0476762481509556	E	E	E	-0.919047619047619	0.176976867698087	0	0.413461538461538	0.337063232911414	0	0.0235508704814236	0.110244518372479	E	E	E
Open.field.test...Time.Spent.in.the.Center.I1..cm.	Open field test:% Time Spent in the Center I1 (cm)	Open field	field_test_Time_Spent_in_the_Center_I1_cm	-2.22307692307692	0.791659434964521	0	-1.76428571428571	0.410367191659653	0	-0.056624856253807	-0.100921891978091	0.132797197581527	0.0589786443057439	1.65042067032478	0.620410455209638	0.0288509469001333	E	E	E	-0.807142857142859	0.980278276953432	0	-5.04230769230769	0.0105483782046978	1	-0.0773491379193382	-0.028811190687414	E	E	E
Open.field.test...Time.Spent.in.the.Center.I2..cm.	Open field test:% Time Spent in the Center I2 (cm)	Open field	field_test_Time_Spent_in_the_Center_I2_cm	-2.03897435897436	0.916031852420545	0	1.51428571428571	0.588355149100067	0	0.0217778044300546	-0.102858910627278	0.100667177382514	0.121283963005415	1.25110464227495	1.27581499343637	0.0271699149535884	E	E	E	-2.87523809523809	0.548935124821593	0	-1.21826923076923	0.6191921387025	0	-0.0213494211915347	-0.055432968574455	E	E	E
Open.field.test...Time.Spent.in.the.Center.I3..cm.	Open field test:% Time Spent in the Center I3 (cm)	Open field	field_test_Time_Spent_in_the_Center_I3_cm	-1.65846153846154	0.984617370016117	0	2	0.595709220818732	0	-0.00971611389283805	-0.127474763262334	0.0175534215684279	0.0672534530247528	0.21815618340645	0.707455145784749	0.0160524170418063	E	E	E	1.55857142857143	0.947358899292223	0	-2.69903846153846	0.358039450779486	0	-0.0261848296964463	-0.146564096467463	E	E	E
Open.field.test...Time.Spent.in.the.Center.I4..cm.	Open field test:% Time Spent in the Center I4 (cm)	Open field	field_test_Time_Spent_in_the_Center_I4_cm	-1.32051282051282	0.965662383032763	0	0.607142857142856	0.873539137189559	0	0.010209535853291	-0.0923530414500782	0.0611232692762983	0.1600238949477	0.759647860712558	1.68332959629004	0.0163136297830272	E	E	E	2.7047619047619	0.871821694000591	0	0.326442307692307	0.97328296863985	0	0.00918658902996412	-0.105816379930537	E	E	E
Open.field.test...distance.in.the.Center.I1..cm.	Open field test:% distance in the Center I1 (cm)	Open field	field_test_distance_in_the_Center_I1_cm	-3.15948717948718	0.40416025796548	0	-1.77857142857143	0.410367191659653	0	-0.0435390892175454	-0.101211123459425	0.142335146092477	0.0531742655771787	1.76895952251178	0.559352808130972	0.0379873278873876	E	E	E	-0.734761904761903	0.980278276953432	0	-4.75961538461538	0.0323374125512688	1	-0.0606610325491921	-0.0247272089585524	E	E	E
Open.field.test...distance.in.the.Center.I2..cm.	Open field test:% distance in the Center I2 (cm)	Open field	field_test_distance_in_the_Center_I2_cm	-2.86615384615385	0.916031852420545	0	1.29285714285714	0.750818518196721	0	0.00800956837425006	-0.094499400067851	0.107699960685521	0.084318478743917	1.33850897869607	0.886966229825718	0.0289664155711854	E	E	E	-3.24142857142857	0.609442260353238	0	-0.959615384615386	0.808766581373097	0	-0.00737165683346608	-0.0573877082730042	E	E	E
Open.field.test...distance.in.the.Center.I3..cm.	Open field test:% distance in the Center I3 (cm)	Open field	field_test_distance_in_the_Center_I3_cm	-1.82717948717949	0.984617370016117	0	2.92142857142857	0.482078672995775	0	-0.00974201061027136	-0.11650667635585	0.0338421881004218	0.0491359062386051	0.420595071184882	0.516872341090116	0.0144879035988135	E	E	E	3.49095238095238	0.625008896275534	0	-0.967307692307692	0.808766581373097	0	-0.00847544912202158	-0.133462551612169	E	E	E
Open.field.test...distance.in.the.Center.I4..cm.	Open field test:% distance in the Center I4 (cm)	Open field	field_test_distance_in_the_Center_I4_cm	-2.14410256410256	0.942521120990032	0	2.15	0.537071618037714	0	0.0285208093142471	-0.090540337241509	0.082813620442094	0.170476682452972	1.02921833782037	1.79328496624967	0.0212505907243526	E	E	E	2.57238095238095	0.850325147896536	0	-0.806249999999999	0.842564218032323	0	0.00314061743728799	-0.0962799493774565	E	E	E
Open.field.test...distance.in.the.Center.glob...cm.	Open field test:% distance in the Center glob. (cm)	Open field	field_test_distance_in_the_Center_glob_cm	-2.66410256410256	0.443183863445415	0	0.892857142857142	0.755581942075614	0	-0.00929289881168847	-0.149972950884681	0.135699008086915	0.126214047193437	1.68648474491881	1.32767572728872	0.0389215420807344	E	E	E	0.402380952380952	0.980278276953432	0	-2.20865384615385	0.237850602362268	0	-0.0311705014458594	-0.132563374190263	E	E	E
Open.field.test..Time.Spent.in.the.Center.glob	Open field test:%Time Spent in the Center glob	Open field	field_test_Time_Spent_in_the_Center_glob	-1.79076923076923	0.791659434964521	0	0.585714285714285	0.814064501447433	0	-0.0132657833426596	-0.160905237439692	0.109004535688806	0.148979562292811	1.35472240481215	1.56715162152369	0.0319938744909632	E	E	E	0.175714285714285	0.980278276953432	0	-2.14951923076923	0.237850602362268	0	-0.0369181844314746	-0.137976673080306	E	E	E
Open.field.test.Dist.I1..cm.	Open field test:Dist I1 (cm)	Open field	field_test_Dist_I1_cm	60.2948717948721	0.984617370016117	0	111.478571428571	0.627520451223527	0	-0.00948782051694349	-0.158873067620837	-0.0545146373733094	0.119269536651389	0.677514932504005	1.2546247611752	-0.00941799555638343	E	E	E	128.561904761905	0.856214389624387	0	3.97403846153884	0.998774834218601	0	-0.0296416170510281	-0.0646313624736735	E	E	E
Open.field.test.Dist.I2..cm.	Open field test:Dist I2 (cm)	Open field	field_test_Dist_I2_cm	50.8425641025642	0.984617370016117	0	84.1499999999996	0.588355149100067	0	0.00705604806830952	-0.157277011648523	-0.107059232970443	0.129717836757074	1.33054593215388	1.3645329271061	-0.0113902824428734	E	E	E	-3.84095238095233	0.9915101651456	0	-139.542788461539	0.328701826945302	0	-0.0562755291832412	-0.0949941386076363	E	E	E
Open.field.test.Dist.I3..cm.	Open field test:Dist I3 (cm)	Open field	field_test_Dist_I3_cm	23.6594871794871	0.984617370016117	0	127.057142857143	0.595709220818732	0	0.00419359197575557	-0.140911973425271	-0.0680079658102997	0.0764605115013827	0.845211755701032	0.804306394365778	-0.00366664247732249	E	E	E	29.3847619047617	0.980278276953432	0	-132.54375	0.443940100362693	0	-0.0355574168187147	-0.117633686531111	E	E	E
Open.field.test.Dist.I4..cm.	Open field test:Dist I4 (cm)	Open field	field_test_Dist_I4_cm	0.974871794871888	0.984617370016117	0	229.335714285714	0.188235503134849	0	0.0320479940944431	-0.152026809960655	-0.0651889833885567	0.158722977722039	0.810177079195373	1.66964493707716	-0.000653447381586006	E	E	E	75.0704761904763	0.947358899292223	0	50.9115384615386	0.843024714596136	0	-0.0112546390547574	-0.086379015672056	E	E	E
Open.field.test.Dist.global..cm.	Open field test:Dist global (cm)	Open field	field_test_Dist_global_cm	135.793846153845	0.984617370016117	0	552	0.410367191659653	0	0.00945291729242345	-0.174038602195495	-0.0814003305904053	0.136980611906196	1.01165378957035	1.44093179468592	-0.0067681560530509	E	E	E	229.154285714285	0.947358899292223	0	-217.218269230771	0.734068435868859	0	-0.0375032243486708	-0.107827951843018	E	E	E
Open.field.test.Distance.center..cm.	Open field test:Distance center (cm)	Open field	field_test_Distance_center_cm	-194.041538461538	0.916031852420545	0	150.221428571429	0.631999380027726	0	-0.00345585851320558	-0.181490079930278	0.0633554709592069	0.15276034877258	0.787389950642916	1.60692261810347	0.023312183587678	E	E	E	76.6557142857143	0.947358899292223	0	-232.359615384615	0.257510572614902	0	-0.042008571980527	-0.155147034428844	E	E	E
Open.field.test.Distance.periphery..cm.	Open field test:Distance periphery (cm)	Open field	field_test_Distance_periphery_cm	329.782564102564	0.916031852420545	0	401.757142857143	0.410367191659653	0	0.0142213747034061	-0.138668326302892	-0.13935841174162	0.104154555954753	1.73196428471918	1.09562666678238	-0.0206548661321861	E	E	E	152.513333333333	0.975810342445095	0	15.1524038461539	0.99782720857099	0	-0.0263779329921141	-0.060209160817935	E	E	E
Open.field.test.Distance.whole.arena..cm.	Open field test:Distance whole arena (cm)	Open field	field_test_Distance_whole_arena_cm	135.793846153845	0.984617370016117	0	552	0.410367191659653	0	0.00945291729242345	-0.174038602195495	-0.0814003305904053	0.136980611906196	1.01165378957035	1.44093179468592	-0.0067681560530509	E	E	E	229.154285714285	0.947358899292223	0	-217.218269230771	0.734068435868859	0	-0.0375032243486708	-0.107827951843018	E	E	E
Open.field.test.Latency.center..s.	Open field test:Latency center (s)	Open field	field_test_Latency_center_s	7.44615384615384	0.922001173625693	0	4.02857142857143	0.723562095816775	0	0.0280441521033584	0.112536815050731	-0.0411232971607075	-0.0604043639689795	0.511085632091539	0.635407941090866	-0.0212443248736258	E	E	E	-7.21428571428572	0.625008896275534	0	5.45480769230769	0.451657946239263	0	0.0304733604829208	0.053140835171689	E	E	E
Open.field.test.NEntries.center	Open field test:NEntries center	Open field	field_test_NEntries_center	-3.30256410256411	0.984617370016117	0	13	0.148517823461781	0	0.0303922849096469	-0.168697490694365	0.0153844570821674	0.157597660805849	0.191200013498368	1.65780745948765	0.00931062687876309	E	E	E	4.8952380952381	0.947358899292223	0	-1.30288461538461	0.922580479517124	0	-0.0124050811391847	-0.129331880405704	E	E	E
Open.field.test.Number.of.Rearings.I1	Open field test:Number of Rearings I1	Open field	field_test_Number_of_Rearings_I1	-1.2974358974359	0.984617370016117	0	0.0714285714285694	0.996835825592045	0	-0.0284980087576789	-0.102168768715928	0.0137048993489746	0.0483555098046359	0.170326253732742	0.508663164488279	0.0068841047468016	E	E	E	4.57619047619048	0.744375414698596	0	-5.21634615384615	0.350847125776587	0	-0.0367860331319332	-0.051183405878506	E	E	E
Open.field.test.Number.of.Rearings.I2	Open field test:Number of Rearings I2	Open field	field_test_Number_of_Rearings_I2	-3.52820512820513	0.942521120990032	0	-4.85714285714285	0.467829840627746	0	-0.0539969584372818	-0.0709678060054915	0.0182089060009349	0.0247263130532283	0.226302628332906	0.260101996537676	0.0158326805243548	E	E	E	0.00476190476189942	0.98113975942348	0	-14.2355769230769	0.0133269957407167	1	-0.0888217975524638	-0.0442498103670217	E	E	E
Open.field.test.Number.of.Rearings.I3	Open field test:Number of Rearings I3	Open field	field_test_Number_of_Rearings_I3	-0.702564102564097	0.984617370016117	0	-3.78571428571428	0.704763585785359	0	-0.0536264188117114	-0.08167764046115	0.0261947381735125	0.0496552410935187	0.325551578818289	0.522335348548763	0.00258562006076424	E	E	E	-2.14761904761905	0.980278276953432	0	-15.6634615384615	0.00858509156073002	1	-0.0890593397715654	-0.060752229147405	E	E	E
Open.field.test.Number.of.Rearings.I4	Open field test:Number of Rearings I4	Open field	field_test_Number_of_Rearings_I4	4.34871794871795	0.942521120990032	0	-3	0.723562095816775	0	-0.0315420430391707	-0.0804324564480531	-0.0556093074264919	0.0769544616833942	0.691119632873143	0.809502374383291	-0.0220307096837514	E	E	E	5.01904761904762	0.621142204706423	0	-11.9951923076923	0.0135585186465129	1	-0.0827198631003856	-0.0673560581884511	E	E	E
Open.field.test.Number.of.Rearings.global	Open field test:Number of Rearings global	Open field	field_test_Number_of_Rearings_global	-1.17948717948718	0.984617370016117	0	-11.5714285714286	0.689535827262869	0	-0.0501556885313069	-0.0963120318896135	0.00293001371981005	0.0571778332975074	0.0364145877742708	0.601467293824396	0.0014072661619964	E	E	E	7.45238095238093	0.947358899292223	0	-47.1105769230769	0.0100088926300385	1	-0.0884800323512485	-0.0651765904742788	E	E	E
Open.field.test.Permanence.Time.center..s.	Open field test:Permanence Time center (s)	Open field	field_test_Permanence_Time_center_s	-21.7979487179487	0.790800068754654	0	7.07142857142856	0.814064501447433	0	-0.0132354299180736	-0.161144441105694	0.109631801184439	0.149011262342989	1.3625181411577	1.56748508192775	0.0323612242033141	E	E	E	1.72952380952381	0.980278276953432	0	-25.9288461538462	0.237850602362268	0	-0.037050699806753	-0.137822753419715	E	E	E
Open.field.test.Permanence.Time.periphery..s.	Open field test:Permanence Time periphery (s)	Open field	field_test_Permanence_Time_periphery_s	21.7979487179489	0.790800068754654	0	-7.07142857142844	0.814064501447433	0	0.0132354299180736	0.161144441105694	-0.109631801184439	-0.149011262342989	1.36251814115771	1.56748508192775	-0.0323612242033142	E	E	E	-1.7295238095237	0.980278276953432	0	25.9288461538463	0.237850602362268	0	0.037050699806753	0.137822753419715	E	E	E
Open.field.test.Resting.Time.center..s.	Open field test:Resting Time center (s)	Open field	field_test_Resting_Time_center_s	-2.30358974358974	0.916031852420545	0	-3.02857142857143	0.342420738775044	0	-0.0525429497166289	-0.0169825690530571	0.0840603747963646	-0.0159659920120841	1.04471316146559	0.167950085809718	0.0210058641269793	E	E	E	1.70190476190476	0.980278276953432	0	1.175	0.904422455167295	0	0.00329251735800377	-0.0661362480541694	E	E	E
Open.field.test.Resting.Time.periphery..s.	Open field test:Resting Time periphery (s)	Open field	field_test_Resting_Time_periphery_s	-20.4451282051282	0.979019882524981	0	-3.34285714285716	0.959466114138758	0	0.0197844491901411	0.149134659202478	0.0931559483213645	-0.120977806011553	1.15775412036763	1.27259445484713	0.0161055187730361	E	E	E	-13.0923809523809	0.947358899292223	0	42.2759615384616	0.239565294512522	0	0.0589041320003869	0.109777690757682	E	E	E
Open.field.test.Resting.Time.whole.arena..s.	Open field test:Resting Time whole arena (s)	Open field	field_test_Resting_Time_whole_arena_s	-22.72	0.942521120990032	0	-6.37142857142862	0.873539137189559	0	0.0153572897414288	0.14811479533317	0.100474632783702	-0.122668152916672	1.24871167320914	1.29037561793102	0.0179047263354123	E	E	E	-11.4057142857143	0.947358899292223	0	43.4413461538462	0.22762462587982	0	0.0602396115287497	0.100897248157577	E	E	E
Open.field.test.av..speed.center..cm.s.	Open field test:av. speed center (cm/s)	Open field	field_test_av_speed_center_cm_s	0.121948717948719	0.984617370016117	0	0.347142857142856	0.631999380027726	0	-0.00014158832359146	-0.123092604792127	-0.0773309351528637	0.0361822962254038	0.961078819102919	0.380610221478871	-0.00600801466691594	E	E	E	0.823761904761906	0.548935124821593	0	0.711682692307692	0.237850602362268	0	0.0204309443876299	-0.0289578565412291	E	E	E
Open.field.test.av..speed.periphery..cm.s.	Open field test:av. speed periphery (cm/s)	Open field	field_test_av_speed_periphery_cm_s	-0.0758974358974367	0.984617370016117	0	0.545714285714286	0.0703818426438526	0	0.0390490018487937	-0.155837342548079	-0.049052383295358	0.122660969149186	0.609629335511025	1.29030005016393	0.00598925706381146	E	E	E	0.048333333333332	0.980278276953432	0	0.223076923076924	0.490169928029713	0	0.00368579162122655	-0.080254258440152	E	E	E
Open.field.test.av..speed.whole.arena..cm.s.	Open field test:av. speed whole arena (cm/s)	Open field	field_test_av_speed_whole_arena_cm_s	-0.102923076923076	0.984617370016117	0	0.535	0.111079857945982	0	0.0309857687776658	-0.166086288282749	-0.0397066659153029	0.121622705574983	0.493479556570191	1.27937830748433	0.00766073337508794	E	E	E	0.124714285714285	0.947358899292223	0	0.216201923076923	0.534984608294392	0	0.00145674801773969	-0.0914443830925072	E	E	E
Pavlovian.fear.conditioning.Freezing.....Con.1	Pavlovian fear conditioning:Freezing (%) Con-1	Pavlovian fear cond.	fear_conditioning_Freezing_Con_1	-10.4007179487179	0.916031852420545	0	-5.11857142857143	0.723562095816775	0	0.00279765237426573	0.10195332825459	0.0972686608238361	-0.0879290213541932	1.20886744089545	0.924946390454421	0.0242801536321765	E	E	E	-14.8874761904762	0.57325606634808	0	0.947740384615386	0.922580479517124	0	0.0254199563443535	0.104250831274692	E	E	E
Pavlovian.fear.conditioning.Freezing.....Con.2	Pavlovian fear conditioning:Freezing (%) Con-2	Pavlovian fear cond.	fear_conditioning_Freezing_Con_2	-2.99071794871795	0.984617370016117	0	10.475	0.456259544138462	0	0.0689061555946469	0.128476756549613	0.0119358350749482	-0.104563671526746	0.148340095152899	1.09993025126184	0.00737908346260856	E	E	E	-6.50747619047619	0.876371079342731	0	14.1332211538462	0.171261736626275	0	0.0772422214204969	0.0846622138487323	E	E	E
Pavlovian.fear.conditioning.Freezing.....Con.3	Pavlovian fear conditioning:Freezing (%) Con-3	Pavlovian fear cond.	fear_conditioning_Freezing_Con_3	1.85364102564102	0.984617370016117	0	20.12	0.0533573614167157	0	0.0927939692650118	0.0810753963320079	-0.0156162200635654	-0.0282745437276481	0.19408039367266	0.297426683020698	-0.00418148759441412	E	E	E	1.99347619047619	0.980278276953432	0	26.0335576923077	0.00789357559509167	1	0.0956687633805049	0.0437565792799438	E	E	E
Pavlovian.fear.conditioning.Freezing.....Cue.1	Pavlovian fear conditioning:Freezing (%) Cue-1	Pavlovian fear cond.	fear_conditioning_Freezing_Cue_1	8.76215384615384	0.916031852420545	0	21.3085714285714	0.0598614742143526	0	0.0718325099167263	0.132968060432	-0.0461053623811283	-0.0912123223159291	0.573003380134683	0.959484217972143	-0.017699071083817	E	E	E	3.77028571428571	0.980278276953432	0	32.9643269230769	0.00138647934015147	1	0.0970513138639976	0.10493577454919	E	E	E
Pavlovian.fear.conditioning.Freezing.....Cue.2	Pavlovian fear conditioning:Freezing (%) Cue-2	Pavlovian fear cond.	fear_conditioning_Freezing_Cue_2	5.70994871794871	0.942521120990032	0	38.0957142857143	0.000495181426475369	1	0.112098581497447	0.0779464238002626	-0.0297633732856838	0.00010440300058029	0.369903035484824	0.00109824011517609	-0.0102356813767553	E	E	E	-0.443952380952382	0.980278276953432	0	41.0816346153846	0.000146497848729539	1	0.100676591080079	0.0689399553908872	E	E	E
Pavlovian.fear.conditioning.Freezing.....total	Pavlovian fear conditioning:Freezing (%) total	Pavlovian fear cond.	fear_conditioning_Freezing_total	-3.84497435897436	0.984617370016117	0	8.49071428571429	0.478730468181349	0	0.065068774539773	0.123177471842288	0.0371934361882236	-0.0871590843809006	0.462244813922103	0.916847239419227	0.0108878673141832	E	E	E	-6.46695238095238	0.794944273340265	0	13.70375	0.120406657898567	0	0.0793428495867288	0.0919353509997164	E	E	E
Pavlovian.fear.conditioning.Freezing.Cue.1	Pavlovian fear conditioning:Freezing Cue 1	Pavlovian fear cond.	fear_conditioning_Freezing_Cue_1	10.5128205128205	0.916031852420545	0	25.5714285714286	0.0598614742143526	0	0.0718301891422288	0.132964568352819	-0.0461005698639913	-0.0912117055968709	0.572943818114627	0.959477730556974	-0.0176954927490151	E	E	E	4.52380952380952	0.980278276953432	0	39.5576923076923	0.00138647934015147	1	0.097050011426695	0.10493688086609	E	E	E
Pavlovian.fear.conditioning.Freezing.Cue.2	Pavlovian fear conditioning:Freezing Cue 2	Pavlovian fear cond.	fear_conditioning_Freezing_Cue_2	6.85128205128206	0.942521120990032	0	45.7142857142857	0.000495181426475369	1	0.112099331801542	0.0779514252034129	-0.029761300060914	0.000101130013415559	0.36987726918044	0.00106381078095403	-0.0102347371965321	E	E	E	-0.533333333333331	0.980278276953432	0	49.2980769230769	0.000146497848729539	1	0.100678099955068	0.0689447819260617	E	E	E
Pavlovian.fear.conditioning.Freezing.Pre.cue.1	Pavlovian fear conditioning:Freezing Pre-cue 1	Pavlovian fear cond.	fear_conditioning_Freezing_Pre_cue_1	-1.05641025641026	0.984617370016117	0	3	0.754787885591698	0	0.0501997485071046	0.070725527930105	0.0212431066743491	-0.0597028977977867	0.264012064981536	0.62802905078732	0.00429025062534247	E	E	E	-2.27619047619048	0.97231700739273	0	0.759615384615385	0.935130297713352	0	0.0399126249212951	0.0497512317573411	E	E	E
Pavlovian.fear.conditioning.Freezing.Pre.cue.2	Pavlovian fear conditioning:Freezing Pre-cue 2	Pavlovian fear cond.	fear_conditioning_Freezing_Pre_cue_2	5.17948717948718	0.942521120990032	0	8.14285714285714	0.410367191659653	0	0.0675143322411362	0.141381402411456	-0.0367001782436935	-0.104490946819829	0.45611454067628	1.09916524268875	-0.0157751624201964	E	E	E	-0.238095238095241	0.980278276953432	0	15.5	0.0524973910995196	0	0.0835940711540476	0.0704568967062953	E	E	E
Pavlovian.fear.conditioning.Freezing.conditioning.Hab.1	Pavlovian fear conditioning:Freezing conditioning Hab-1	Pavlovian fear cond.	fear_conditioning_Freezing_conditioning_Hab_1	3.48717948717949	0.790800068754654	0	-0.571428571428571	0.96645747610536	0	0.0199260763402826	0.129858956461743	-0.0605603430963971	-0.0895564954677653	0.752651741667158	0.942066179617578	-0.0323684831077081	E	E	E	0.619047619047619	0.980278276953432	0	-0.759615384615385	0.817672694874132	0	0.00408344179531864	0.068802147944544	E	E	E
Pavlovian.fear.conditioning.Freezing.conditioning.Hab.2	Pavlovian fear conditioning:Freezing conditioning Hab-2	Pavlovian fear cond.	fear_conditioning_Freezing_conditioning_Hab_2	-0.266666666666667	0.989440420261915	0	-1.42857142857143	0.809269137709141	0	0.0179116381162398	0.0428184148946201	0.0254005368364667	-0.0234275915744242	0.31568114234123	0.246440434910751	0.00178075035213049	E	E	E	-0.123809523809525	0.9915101651456	0	3.16346153846154	0.451657946239263	0	0.0480916518909134	0.0475425903071234	E	E	E
Pavlovian.fear.conditioning.Freezing.conditioning.post.us1	Pavlovian fear conditioning:Freezing conditioning post-us1	Pavlovian fear cond.	fear_conditioning_Freezing_conditioning_post_us1	-10.0717948717949	0.942521120990032	0	19.4285714285714	0.106846446376771	0	0.0845135873810532	0.102445850951438	0.0612428623981923	-0.0811382418534533	0.7611341794301	0.85351255790578	0.0217634540167463	E	E	E	-3.96190476190476	0.947358899292223	0	18.4134615384615	0.123728391553371	0	0.0593717057498415	0.106679188747373	E	E	E
Pavlovian.fear.conditioning.Nb.cage	Pavlovian fear conditioning:Nb/cage	Pavlovian fear cond.	fear_conditioning_Nb_cage	-0.97948717948718	0.162253152068003	0	0.0714285714285716	0.996835825592045	0	0.0152532457814876	-0.0405149483746788	0.199285440252633	0.14857310566386	2.47674511117448	1.56287600710158	0.0476762481509556	E	E	E	-0.919047619047619	0.176976867698087	0	0.413461538461538	0.337063232911414	0	0.0235508704814236	0.110244518372479	E	E	E
Pavlovian.fear.conditioning.context.freezing.con.1	Pavlovian fear conditioning:context freezing con-1	Pavlovian fear cond.	fear_conditioning_context_freezing_con_1	-12.4820512820513	0.916031852420545	0	-6.14285714285715	0.723562095816775	0	0.00279753678200408	0.101954385506566	0.09727621526286	-0.0879187713755288	1.20896132843634	0.924838568479129	0.0242817156035278	E	E	E	-17.8666666666667	0.57325606634808	0	1.13461538461539	0.922580479517124	0	0.0254131775670243	0.10425457234758	E	E	E
Pavlovian.fear.conditioning.context.freezing.con.2	Pavlovian fear conditioning:context freezing con-2	Pavlovian fear cond.	fear_conditioning_context_freezing_con_2	-3.58974358974358	0.984617370016117	0	12.5714285714286	0.456259544138462	0	0.0689126497617224	0.128474849119209	0.0119386665522949	-0.10455885259928	0.14837528511794	1.09987955981211	0.00738101182501985	E	E	E	-7.80952380952381	0.876371079342731	0	16.9615384615385	0.171261736626275	0	0.0772464855218591	0.0846574708376647	E	E	E
Pavlovian.fear.conditioning.context.freezing.con.3	Pavlovian fear conditioning:context freezing con-3	Pavlovian fear cond.	fear_conditioning_context_freezing_con_3	2.22564102564102	0.984617370016117	0	24.1428571428571	0.0533573614167157	0	0.0927919763095512	0.0810837405310176	-0.0156218603309626	-0.0282808840273371	0.194150491642105	0.297493378148443	-0.00418392585561916	E	E	E	2.39047619047619	0.980278276953432	0	31.2403846153846	0.00789357559509167	1	0.0956713164016408	0.0437626297372321	E	E	E
Pavlovian.fear.conditioning.freezing.total.context	Pavlovian fear conditioning:freezing total context	Pavlovian fear cond.	fear_conditioning_freezing_total_context	-13.8461538461538	0.984617370016117	0	30.5714285714286	0.478730468181349	0	0.0650692181018421	0.123174167121486	0.0372036816312335	-0.0871571126583242	0.462372145607019	0.916826498398209	0.0108908343285047	E	E	E	-23.2857142857143	0.794944273340265	0	49.3365384615385	0.120406657898567	0	0.0793438986398527	0.0919407338773557	E	E	E
Rotarod.test.Body.weight..g.	Rotarod test:Body weight (g)	Rotarod	test_Body_weight_g	0.51794871794872	0.984617370016117	0	-5.11428571428571	8.94869595473144e-08	1	-0.151263477474746	-0.00489588420710751	0.00958633054709485	-0.0928730194004601	0.119140150361818	0.976953487507028	-0.00874196354496511	E	E	E	0.533333333333335	0.685348378518802	0	-5.12884615384615	1.41281323008211e-07	1	-0.130234368272625	0.000432705206259074	E	E	E
Rotarod.test.Mean.latency	Rotarod test:Mean latency	Rotarod	test_Mean_latency	14.8522564102564	0.922001173625693	0	53.5492857142857	0.0143085603079889	1	0.0677198711761986	-0.080697626493074	-0.0684449828996871	0.0991525715312019	0.850643060357648	1.04300959716852	-0.0152956813278788	E	E	E	-10.7360952380952	0.947358899292223	0	36.1401923076923	0.121579509483685	0	0.0366623947987546	-0.00638172069265059	E	E	E
Rotarod.test.Nb.cage	Rotarod test:Nb/cage	Rotarod	test_Nb_cage	-0.97948717948718	0.162253152068003	0	0.0714285714285716	0.996835825592045	0	0.0152532457814876	-0.0405149483746788	0.199285440252633	0.14857310566386	2.47674511117448	1.56287600710158	0.0476762481509556	E	E	E	-0.919047619047619	0.176976867698087	0	0.413461538461538	0.337063232911414	0	0.0235508704814236	0.110244518372479	E	E	E
Rotarod.test.Trial.1..s.	Rotarod test:Trial 1 (s)	Rotarod	test_Trial_1_s	10.374358974359	0.984617370016117	0	52.0714285714286	0.0645577361343736	0	0.0387431085998811	-0.0561672578739663	-0.0673835728812941	0.0598480369161511	0.837451719983389	0.629555803861305	-0.00902238592200724	E	E	E	-28.4333333333333	0.609442260353238	0	40.3894230769231	0.111985326375694	0	0.034474618804727	-0.00302036033565057	E	E	E
Rotarod.test.Trial.2..s.	Rotarod test:Trial 2 (s)	Rotarod	test_Trial_2_s	23.7589743589743	0.916031852420545	0	51.3571428571429	0.0533573614167157	0	0.0598639228678589	-0.0707501558272904	-0.0801530355347797	0.0735462832831024	0.996152246019072	0.773650931243986	-0.0207308833545395	E	E	E	-5.93333333333334	0.980278276953432	0	37.2115384615385	0.17766321436848	0	0.0304913076828288	-0.00932643802989728	E	E	E
Rotarod.test.Trial.3..s.	Rotarod test:Trial 3 (s)	Rotarod	test_Trial_3_s	10.425641025641	0.984617370016117	0	57.2142857142857	0.0381020733673559	1	0.0742786675708503	-0.0790160345731704	-0.0270568703468112	0.119647429517448	0.33626626847498	1.25859990654878	-0.00933019012954082	E	E	E	2.16190476190474	0.9915101651456	0	30.8173076923077	0.337063232911414	0	0.0284030504257794	-0.00398295431580256	E	E	E
Shock.threshold.test.Jump	Shock threshold test:Jump	Shock threshold	threshold_test_Jump	-0.00769230769230766	0.984617370016117	0	0.00714285714285712	0.993478746035358	0	0.0479428164615731	-0.00961486446251228	0.0454665560047051	0.0815191208655755	0.56506421223668	0.857519115263483	0.0208699868612674	E	E	E	NA	NA	NA	NA	NA	NA	NA	NA	NA	NA	NA
Shock.threshold.test.Nb.cage	Shock threshold test:Nb/cage	Shock threshold	threshold_test_Nb_cage	-1.05641025641026	0.162253152068003	0	0.142857142857143	0.959466114138758	0	0.0229644273925257	-0.0406958643732669	0.199860255849634	0.157213685370545	2.48388899342646	1.65376833011446	0.04953691839176	E	E	E	-0.990476190476191	0.176976867698087	0	0.490384615384615	0.271332618990171	0	0.0315988829060927	0.104734655752823	E	E	E
Shock.threshold.test.Vocalization	Shock threshold test:Vocalization	Shock threshold	threshold_test_Vocalization	0.0213333333333333	0.984617370016117	0	0.00857142857142859	0.9596130255567	0	0.0342938951851363	0.0955409368367064	-0.0358995339487535	-0.00996459363085491	0.446164030288924	0.104819941917446	-0.0202170179496953	E	E	E	0.0177619047619048	0.947358899292223	0	-0.0273076923076923	0.6191921387025	0	-0.0202052921581912	0.041785910714287	E	E	E
Test.de.Tolérance.au.Glucose..GTT..Body.weight..g.	Test de Tolérance au Glucose (GTT):Body weight (g)	Glucose tolerance test	de_Tolérance_au_Glucose_GTT_Body_weight_g	1.1576923076923	0.916031852420545	0	-4.46593406593407	5.57113073806425e-07	1	-0.15921540069048	0.00748612618822469	-0.0382309559900132	-0.115034639131837	0.475139243608344	1.21007686203647	-0.0220127810985484	E	E	E	0.69285714285714	0.625008896275534	0	-4.39583333333333	2.39462649817506e-07	1	-0.136589919907221	0.0120325396558916	E	E	E
Test.de.Tolérance.au.Glucose..GTT..Glucose.T0..mg.dl.	Test de Tolérance au Glucose (GTT):Glucose T0 (mg/dl)	Glucose tolerance test	de_Tolérance_au_Glucose_GTT_Glucose_T0_mg_dl	-0.681318681318672	0.995865447584443	0	4.68681318681318	0.599409514968042	0	0.0244685917272213	-0.0118185464683402	-0.0256576485041072	-0.0534039100245896	0.318876559252006	0.561768492957772	0.00296013249951539	E	E	E	-4.21428571428571	0.913909103806414	0	2.83333333333333	0.716639056080973	0	-0.00224137939193299	-0.000126685941240873	E	E	E
Test.de.Tolérance.au.Glucose..GTT..Glucose.T0..mmol.l.	Test de Tolérance au Glucose (GTT):Glucose T0 (mmol/l)	Glucose tolerance test	de_Tolérance_au_Glucose_GTT_Glucose_T0_mmol_l	-0.0362637362637361	0.995865447584443	0	0.258791208791209	0.599409514968042	0	0.0242515006425026	-0.0121919036865593	-0.0265161110016666	-0.052865829319469	0.329545641706104	0.556108293420583	0.00289817104366065	E	E	E	-0.221428571428572	0.913909103806414	0	0.1625	0.700383077342576	0	-0.00194944959533777	0.000463707712740434	E	E	E
Test.de.Tolérance.au.Glucose..GTT..Glucose.T120..mg.dl.	Test de Tolérance au Glucose (GTT):Glucose T120 (mg/dl)	Glucose tolerance test	de_Tolérance_au_Glucose_GTT_Glucose_T120_mg_dl	5.89560439560439	0.942521120990032	0	-21.4725274725275	0.000265219103887625	1	-0.12943481016648	0.00698750158118596	-0.0673863100717066	-0.116926072561769	0.837485738138272	1.22997330233407	-0.0196016970990784	E	E	E	-0.785714285714278	0.980278276953432	0	-31.5	0.000129659759164713	1	-0.12312263207033	0.00202573843907483	E	E	E
Test.de.Tolérance.au.Glucose..GTT..Glucose.T120..mmol.l.	Test de Tolérance au Glucose (GTT):Glucose T120 (mmol/l)	Glucose tolerance test	de_Tolérance_au_Glucose_GTT_Glucose_T120_mmol_l	0.326923076923077	0.942521120990032	0	-1.17252747252747	0.000404335813522789	1	-0.130628495419264	0.00546571734227802	-0.0679582839728905	-0.116936066519571	0.844594303428746	1.23007843116472	-0.0198467921954925	E	E	E	-0.0571428571428578	0.980278276953432	0	-1.72708333333333	0.000139491744026368	1	-0.12337682494918	0.00210146562599596	E	E	E
Test.de.Tolérance.au.Glucose..GTT..Glucose.T15..mg.dl.	Test de Tolérance au Glucose (GTT):Glucose T15 (mg/dl)	Glucose tolerance test	de_Tolérance_au_Glucose_GTT_Glucose_T15_mg_dl	-3.93406593406593	0.984617370016117	0	1.11538461538464	0.996835825592045	0	-0.000645415672603395	-0.00293636962246191	0.034619009756509	-0.0286388116125539	0.430249510749205	0.301258503961192	0.00558010915808037	E	E	E	-5.78571428571428	0.980278276953432	0	-2.54166666666669	0.937424290373333	0	-0.00717396593416664	0.0108845097004117	E	E	E
Test.de.Tolérance.au.Glucose..GTT..Glucose.T15..mmol.l.	Test de Tolérance au Glucose (GTT):Glucose T15 (mmol/l)	Glucose tolerance test	de_Tolérance_au_Glucose_GTT_Glucose_T15_mmol_l	-0.218681318681316	0.984617370016117	0	0.0406593406593387	0.996835825592045	0	-0.00163662920991551	-0.00256360452191881	0.0346838777998383	-0.0296666821453831	0.43105569914402	0.312070919754666	0.00562364703811514	E	E	E	-0.328571428571429	0.980278276953432	0	-0.143750000000001	0.937424290373333	0	-0.00731577070226495	0.0112243191858354	E	E	E
Test.de.Tolérance.au.Glucose..GTT..Glucose.T30..mg.dl.	Test de Tolérance au Glucose (GTT):Glucose T30 (mg/dl)	Glucose tolerance test	de_Tolérance_au_Glucose_GTT_Glucose_T30_mg_dl	5.14285714285717	0.995865447584443	0	-43.1208791208791	0.0829055489259733	0	-0.0746721846237433	0.0233636219876448	0.018697657961132	-0.105791642193094	0.232376900625255	1.11284756818326	-0.00485990189760641	E	E	E	-7.78571428571428	0.975810342445095	0	-38.5625	0.120406657898567	0	-0.0600619574712248	0.0258940454767579	E	E	E
Test.de.Tolérance.au.Glucose..GTT..Glucose.T30..mmol.l.	Test de Tolérance au Glucose (GTT):Glucose T30 (mmol/l)	Glucose tolerance test	de_Tolérance_au_Glucose_GTT_Glucose_T30_mmol_l	0.279670329670331	0.995865447584443	0	-2.37142857142857	0.0829055489259733	0	-0.0745800276388594	0.0237402435046535	0.0186130561871723	-0.10616250228025	0.231325458885277	1.11674873407475	-0.00480174262434854	E	E	E	-0.421428571428571	0.976676794654101	0	-2.1	0.120406657898567	0	-0.0595676602595344	0.0264868679557154	E	E	E
Test.de.Tolérance.au.Glucose..GTT..Glucose.T60..mg.dl.	Test de Tolérance au Glucose (GTT):Glucose T60 (mg/dl)	Glucose tolerance test	de_Tolérance_au_Glucose_GTT_Glucose_T60_mg_dl	-20.978021978022	0.162253152068003	0	-48.3021978021978	0.000168501869436246	1	-0.105726903303151	0.0304061511677236	0.133230445422246	-0.107701189508607	1.65580513027362	1.13293455277247	0.0297108222044827	E	E	E	-16.7857142857143	0.609442260353238	0	-49.0416666666667	0.000511185804004864	1	-0.111461842355418	0.0351655913166913	E	E	E
Test.de.Tolérance.au.Glucose..GTT..Glucose.T60..mmol.l.	Test de Tolérance au Glucose (GTT):Glucose T60 (mmol/l)	Glucose tolerance test	de_Tolérance_au_Glucose_GTT_Glucose_T60_mmol_l	-1.1489010989011	0.162253152068003	0	-2.67857142857143	0.000168501869436246	1	-0.105751119763788	0.0308980554769716	0.132876600080787	-0.107808172678901	1.65140749480933	1.13405993430951	0.0294758156916225	E	E	E	-0.914285714285715	0.609442260353238	0	-2.7	0.000511185804004864	1	-0.111494988065271	0.0352602873148894	E	E	E
Test.de.Tolérance.au.Glucose..GTT..Glucose.auc.positive..0.120...min.mg.dl.	Test de Tolérance au Glucose (GTT):Glucose auc positive (0-120) (min*mg/dl)	Glucose tolerance test	de_Tolérance_au_Glucose_GTT_Glucose_auc_positive_0_120_min_mg_dl	790.79120879121	0.984617370016117	0	-5349.34065934066	0.000168501869436246	1	-0.119642559439916	0.0358142645163962	0.00848092776878705	-0.0953302128346864	0.105402062302892	1.00280129250512	-0.0106608386432727	E	E	E	232.285714285716	0.980278276953432	0	-5797.58333333333	0.000123898708771184	1	-0.108610323508475	0.019044125410473	E	E	E
Test.de.Tolérance.au.Glucose..GTT..Glucose.auc.positive..0.120...min.mmol.l.	Test de Tolérance au Glucose (GTT):Glucose auc positive (0-120) (min*mmol/l)	Glucose tolerance test	de_Tolérance_au_Glucose_GTT_Glucose_auc_positive_0_120_min_mmol_l	43.5769230769231	0.984617370016117	0	-294.291208791209	0.000168501869436246	1	-0.11963432618002	0.0359085588176609	0.00843667908301239	-0.0953924022829447	0.104852133938685	1.00345547817448	-0.0106817212440965	E	E	E	12.8571428571429	0.980278276953432	0	-319.0625	0.000123898708771184	1	-0.108598270138446	0.0189810482100667	E	E	E
Test.de.Tolérance.au.Glucose..GTT..Glucose.auc.0.120...min.mg.dl.	Test de Tolérance au Glucose (GTT):Glucose auc(0-120) (min*mg/dl)	Glucose tolerance test	de_Tolérance_au_Glucose_GTT_Glucose_auc_0_120_min_mg_dl	-633.879120879121	0.916031852420545	0	-4298.51648351648	0.000626624792827661	1	-0.108332154298463	0.0291648226461581	0.0817933673898986	-0.0891065010962884	1.01653850152133	0.937332581276414	0.01031343692599	E	E	E	-567	0.947358899292223	0	-4376.33333333333	0.00136434214153842	1	-0.098280523785737	0.0282122404523161	E	E	E
Test.de.Tolérance.au.Glucose..GTT..Glucose.auc.0.120...min.mmol.l.	Test de Tolérance au Glucose (GTT):Glucose auc(0-120) (min*mmol/l)	Glucose tolerance test	de_Tolérance_au_Glucose_GTT_Glucose_auc_0_120_min_mmol_l	-34.7142857142857	0.916031852420545	0	-236.472527472528	0.000626624792827661	1	-0.108331706957183	0.0293136208221171	0.0816729926150656	-0.0892225407573146	1.01504246832041	0.938553230203956	0.0102723021888679	E	E	E	-31	0.947358899292223	0	-240.833333333333	0.00136434214153842	1	-0.0982717922101983	0.0281851509322604	E	E	E
Ultrafocus...Densitométrie.osseuse.et.composition.corporelle.BMC..g.	Ultrafocus - Densitométrie osseuse et composition corporelle:BMC (g)	Body composition	Densitométrie_osseuse_et_composition_corporelle_BMC_g	0.00292307692307692	1	0	-0.0407142857142857	0.723562095816775	0	-0.0984518339322475	-0.00297472374005302	0.0438416578687359	-0.0945019745415233	0.544869768983242	0.994088855952325	-0.00223987802994016	E	E	E	-0.00185714285714289	0.9915101651456	0	-0.0194711538461538	0.704391122975943	0	-0.0811919693574922	0.0430799127993602	E	E	E
Ultrafocus...Densitométrie.osseuse.et.composition.corporelle.BMD..g.cm2.	Ultrafocus - Densitométrie osseuse et composition corporelle:BMD (g/cm2)	Body composition	Densitométrie_osseuse_et_composition_corporelle_BMD_g_cm2	-0.00041897435897436	0.998535244970864	0	-0.000907142857142856	0.996835825592045	0	-0.0747667750746819	-0.000792522194901976	0.0616568157124734	-0.0915639576403939	0.766278844520035	0.963183153990204	0.00624343170329892	E	E	E	-0.000312380952380953	0.9915101651456	0	-2.98076923076901e-05	0.99951696667579	0	-0.0570028215174327	0.0370088150466061	E	E	E
Ultrafocus...Densitométrie.osseuse.et.composition.corporelle.BMD..mg.cm2.	Ultrafocus - Densitométrie osseuse et composition corporelle:BMD (mg/cm2)	Body composition	Densitométrie_osseuse_et_composition_corporelle_BMD_mg_cm2	-0.415333333333336	0.984617370016117	0	-0.916428571428575	0.723562095816775	0	-0.0751114187727245	-0.000264579403097699	0.0613942691098741	-0.0919753721796084	0.763015881537798	0.967510921855311	0.00619632222310336	E	E	E	-0.302476190476192	0.980278276953432	0	-0.062596153846151	0.997689409556618	0	-0.0576772675667632	0.0375141479492969	E	E	E
Ultrafocus...Densitométrie.osseuse.et.composition.corporelle.Body.length..cm.	Ultrafocus - Densitométrie osseuse et composition corporelle:Body length (cm)	Body composition	Densitométrie_osseuse_et_composition_corporelle_Body_length_cm	0.123589743589744	0.916031852420545	0	-0.15	0.329836290120762	0	-0.0953135470396059	-0.00913847021961392	-0.0752132415113136	-0.0951284743689635	0.934759849854461	1.00067915736916	-0.0308262375059742	E	E	E	0.118095238095238	0.621142204706423	0	-0.190384615384614	0.108907992643213	0	-0.0954096830362555	-0.0164294940187843	E	E	E
Ultrafocus...Densitométrie.osseuse.et.composition.corporelle.body.weight..g.	Ultrafocus - Densitométrie osseuse et composition corporelle:body weight (g)	Body composition	Densitométrie_osseuse_et_composition_corporelle_body_weight_g	0.216923076923077	0.984617370016117	0	-4.49285714285714	2.60451896986578e-06	1	-0.153749320664286	0.00574832388244096	0.0172097783452432	-0.131769630694837	0.213885341181689	1.38611623791135	-0.00359084593088419	E	E	E	0.125714285714285	0.947358899292223	0	-4.42403846153846	2.39462649817506e-07	1	-0.134452093848144	0.0128755851545257	E	E	E
Ultrafocus...Densitométrie.osseuse.et.composition.corporelle.bone.area..cm2.	Ultrafocus - Densitométrie osseuse et composition corporelle:bone area (cm2)	Body composition	Densitométrie_osseuse_et_composition_corporelle_bone_area_cm2	0.0501538461538455	0.995852089179934	0	-0.527142857142858	0.0405105658777105	1	-0.103106925197422	-0.0046577085686235	0.0337157841147481	-0.0800107295380146	0.419024106175329	0.841651986386885	-0.00462476811807257	E	E	E	-0.00171428571428578	0.9915101651456	0	-0.322451923076922	0.0295145391223266	1	-0.0817506420563794	0.0292227778433211	E	E	E
Ultrafocus...Densitométrie.osseuse.et.composition.corporelle.fat.percent....	Ultrafocus - Densitométrie osseuse et composition corporelle:fat percent (%)	Body composition	Densitométrie_osseuse_et_composition_corporelle_fat_percent	1.36594871794872	0.942521120990032	0	-5.68285714285714	0.000183588547645561	1	-0.0894954953748205	0.0116871045086604	-0.0288792604407077	-0.0629843804770038	0.358915167210327	0.662547751356661	-0.0173074006759844	E	E	E	0.669190476190476	0.913909103806414	0	-4.82230769230769	0.000457140737147011	1	-0.0756815741016665	-0.0637715552791031	E	E	E
Ultrafocus...Densitométrie.osseuse.et.composition.corporelle.fat.weight..g.	Ultrafocus - Densitométrie osseuse et composition corporelle:fat weight (g)	Body composition	Densitométrie_osseuse_et_composition_corporelle_fat_weight_g	0.444871794871795	0.942521120990032	0	-1.96357142857143	8.57446964238135e-06	1	-0.120240880807413	0.0152269573608323	-0.025531475433653	-0.102611014341997	0.317308464086532	1.07938978365498	-0.0180213031181877	E	E	E	0.204047619047619	0.71008664093391	0	-1.72086538461539	7.46074307749729e-07	1	-0.107076943156968	-0.048214099764861	E	E	E
Ultrafocus...Densitométrie.osseuse.et.composition.corporelle.lean.percent....	Ultrafocus - Densitométrie osseuse et composition corporelle:lean percent (%)	Body composition	Densitométrie_osseuse_et_composition_corporelle_lean_percent	-1.36594871794871	0.942521120990032	0	5.68285714285715	0.000183588547645561	1	0.0895207402697673	-0.0117323755223168	0.0288771875113519	0.0630475573715906	0.358889404577385	0.663212324209949	0.0173105070745795	E	E	E	-0.66990476190476	0.913909103806414	0	4.82307692307693	0.000457140737147011	1	0.075706913226554	0.0637370518524712	E	E	E
Ultrafocus...Densitométrie.osseuse.et.composition.corporelle.lean.weight..g.	Ultrafocus - Densitométrie osseuse et composition corporelle:lean weight (g)	Body composition	Densitométrie_osseuse_et_composition_corporelle_lean_weight_g	-0.0483076923076915	0.984617370016117	0	-2.76	0.00320288322040653	1	-0.136980829760273	0.0125921101003562	0.0311053695549356	-0.137861054841615	0.386581537912649	1.45019338434738	0.00152646623262479	E	E	E	-0.0710000000000015	0.9915101651456	0	-2.75466346153846	0.00108916920692025	1	-0.117889434969254	0.0457399178108403	E	E	E
Ultrafocus...Densitométrie.osseuse.et.composition.corporelle.sample.area..cm2.	Ultrafocus - Densitométrie osseuse et composition corporelle:sample area (cm2)	Body composition	Densitométrie_osseuse_et_composition_corporelle_sample_area_cm2	0.368974358974359	0.984617370016117	0	-2.84928571428571	1.94527359094787e-05	1	-0.146125606524611	-0.00554198424612718	0.00391445586797102	-0.115178896144715	0.0486493615470103	1.21159433603202	-0.00987624650867782	E	E	E	0.143809523809523	0.947358899292223	0	-2.49485576923077	3.53431913288665e-06	1	-0.131567495425931	-0.00586351585759188	E	E	E
Ultrafocus...Densitométrie.osseuse.et.composition.corporelle.soft.weight..g.	Ultrafocus - Densitométrie osseuse et composition corporelle:soft weight (g)	Body composition	Densitométrie_osseuse_et_composition_corporelle_soft_weight_g	0.395794871794873	0.995852089179934	0	-4.72285714285714	1.3444490398395e-05	1	-0.151820007982753	0.015648940014929	0.0128327577794083	-0.145250582867735	0.159487166010442	1.52792559573399	-0.00623571151487146	E	E	E	0.133761904761904	0.947358899292223	0	-4.47629807692308	5.30623005379433e-07	1	-0.13473246542621	0.0172981405085257	E	E	E
Ultrafocus...Densitométrie.osseuse.et.composition.corporelle.total.weight..g.	Ultrafocus - Densitométrie osseuse et composition corporelle:total weight (g)	Body composition	Densitométrie_osseuse_et_composition_corporelle_total_weight_g	0.398410256410255	0.995852089179934	0	-4.76214285714286	1.55780985404213e-05	1	-0.151622404097029	0.0155344687862049	0.013519983334686	-0.145235644593346	0.168028093697635	1.52776845645548	-0.00618999553168139	E	E	E	0.133190476190475	0.947358899292223	0	-4.49548076923077	6.35665262986083e-07	1	-0.134730217281718	0.0177197895398191	E	E	E
