variableMetadata	measurement	category	limma2ways_WT.LAT_diff	limma2ways_WT.LAT_BH	limma2ways_WT.LAT_signif	limma2ways_M.F_diff_LAT	limma2ways_M.F_BH_LAT	limma2ways_M.F_signif_LAT	limma2ways_WT.MX2_diff	limma2ways_WT.MX2_BH	limma2ways_WT.MX2_signif	limma2ways_M.F_diff_MX2	limma2ways_M.F_BH_MX2	limma2ways_M.F_signif_MX2	OPLSDA_VIP-pred_MX2	biosign_plsda_MX2	biosign_forest_MX2	biosign_svm_MX2
Anapath...A2.heart	Anapath:% A2 heart	Anapath	-0.0177435897435898	1	0	0.0157142857142858	0.878754984628698	0	-0.0332380952380953	0.842715868668017	0	0.0212019230769231	0.629353008168637	0	0.786317587233547	E	E	E
Anapath.A2.heart..g.	Anapath:A2 heart (g)	Anapath	-0.00287179487179487	1	0	-0.0228571428571429	0.787928811481286	0	-0.00633333333333333	0.987668834657673	0	-0.0240384615384615	0.479580628024766	0	0.156222933325546	E	E	E
Anapath.A2.heart..mg...mg.	Anapath:A2 heart (mg) (mg)	Anapath	-2.96923076923076	1	0	-22.0714285714286	0.01997000080484	1	-6.84285714285713	0.915547494322184	0	-23.3317307692308	0.0212731546732039	1	0.153441569809332	E	E	E
Anapath.body.weight..g.	Anapath:body weight (g)	Anapath	0.253892307692308	1	0	-4.22092857142857	2.08699001887199e-06	1	0.120414285714286	0.933868430048111	0	-4.67233173076923	2.21557177962088e-07	1	0.856383137542812	E	E	E
Auditory.brainstem.response.nb.cage	Auditory brainstem response:nb/cage	Auditory and PPI	-0.97948717948718	0.165107449986906	0	0.0714285714285716	0.996825157544975	0	-0.919047619047619	0.204925385315915	0	0.413461538461538	0.359042968583944	0	2.49860470122618	E	E	E
Auditory.startle.reflex.reactivity.and.PPI...P1...PP70	Auditory startle reflex reactivity and PPI - P1:% PP70	Auditory and PPI	-4.40230769230769	1	0	8.27928571428571	0.512280645835104	0	2.34571428571429	0.987668834657673	0	6.53913461538461	0.571245885659522	0	0.617821610475218	E	E	E
Auditory.startle.reflex.reactivity.and.PPI...P1...PP75	Auditory startle reflex reactivity and PPI - P1:% PP75	Auditory and PPI	-4.26205128205128	1	0	5.82428571428571	0.583780449597495	0	4.82047619047619	0.915547494322184	0	1.41365384615385	0.925407983478676	0	1.05600058326865	E	E	E
Auditory.startle.reflex.reactivity.and.PPI...P1...PP85	Auditory startle reflex reactivity and PPI - P1:% PP85	Auditory and PPI	2.14564102564103	1	0	-3.77571428571429	0.710509132688881	0	13.2211904761905	0.204925385315915	0	0.655432692307684	0.994071149384575	0	2.26158080901205	E	E	E
Auditory.startle.reflex.reactivity.and.PPI...P1...PP90	Auditory startle reflex reactivity and PPI - P1:% PP90	Auditory and PPI	4.94615384615385	0.951885262033203	0	-4.47285714285714	0.512280645835104	0	12.1764285714286	0.0339354631890389	1	-1.22586538461539	0.693524685445956	0	2.766457030224	S	A	E
Auditory.startle.reflex.reactivity.and.PPI...P1.BN..65.	Auditory startle reflex reactivity and PPI - P1:BN (65)	Auditory and PPI	1.67692307692308	0.951885262033203	0	0.828571428571429	0.736152314653717	0	3.49285714285714	0.67117940961113	0	1.35528846153846	0.676839068152219	0	1.18897072270198	E	E	E
Auditory.startle.reflex.reactivity.and.PPI...P1.Body.weight..g.	Auditory startle reflex reactivity and PPI - P1:Body weight (g)	Auditory and PPI	0.631282051282053	1	0	-4.75	2.52557731822552e-07	1	0.603809523809524	0.699413078731326	0	-4.84038461538461	2.21557177962088e-07	1	0.952690647255782	E	E	E
Auditory.startle.reflex.reactivity.and.PPI...P1.Glb	Auditory startle reflex reactivity and PPI - P1:Glb	Auditory and PPI	-0.392717948717952	1	0	1.46428571428572	0.868888070091521	0	8.13909523809523	0.67117940961113	0	1.84528846153847	0.850646207266626	0	1.69180501067933	E	E	E
Auditory.startle.reflex.reactivity.and.PPI...P1.P70	Auditory startle reflex reactivity and PPI - P1:P70	Auditory and PPI	-1.97538461538462	0.969602459771339	0	1.77142857142857	0.696752432899748	0	0.682857142857141	0.987668834657673	0	0.943269230769229	0.8286362005731	0	0.134321378495399	E	E	E
Auditory.startle.reflex.reactivity.and.PPI...P1.P75	Auditory startle reflex reactivity and PPI - P1:P75	Auditory and PPI	0.756410256410263	1	0	3.73571428571429	0.736152314653717	0	3.00476190476191	0.946317869465397	0	5.21778846153846	0.571245885659522	0	0.779667280929473	E	E	E
Auditory.startle.reflex.reactivity.and.PPI...P1.P85	Auditory startle reflex reactivity and PPI - P1:P85	Auditory and PPI	-9.23897435897436	1	0	-11.3428571428571	0.725557597809628	0	-9.51809523809524	0.933868430048111	0	-2.84807692307692	0.935833366390033	0	0.152841125440801	E	E	E
Auditory.startle.reflex.reactivity.and.PPI...P1.P90	Auditory startle reflex reactivity and PPI - P1:P90	Auditory and PPI	-0.470256410256411	1	0	-59.8785714285714	0.149750273403802	0	-19.0719047619048	0.925024096812342	0	-18.7355769230769	0.629353008168637	0	0.31104852332341	E	E	E
Auditory.startle.reflex.reactivity.and.PPI...P1.PP70	Auditory startle reflex reactivity and PPI - P1:PP70	Auditory and PPI	77.0641025641027	1	0	-336.264285714286	0.0394626722928181	1	31.0119047619048	0.982152215632872	0	-432.923557692308	0.0058086049508104	1	0.530875377858701	E	E	E
Auditory.startle.reflex.reactivity.and.PPI...P1.PP75	Auditory startle reflex reactivity and PPI - P1:PP75	Auditory and PPI	57.4948717948718	1	0	-227.035714285714	0.0661008145752498	0	-21.3023809523809	0.988301065718963	0	-248.901442307692	0.0261372707627925	1	0.0647681875700565	E	E	E
Auditory.startle.reflex.reactivity.and.PPI...P1.PP85	Auditory startle reflex reactivity and PPI - P1:PP85	Auditory and PPI	22.214358974359	1	0	-105.571428571429	0.394918277888915	0	-80.0219047619048	0.698422417805669	0	-157.142788461538	0.0340938179835804	1	0.695043375342634	E	E	E
Auditory.startle.reflex.reactivity.and.PPI...P1.PP90	Auditory startle reflex reactivity and PPI - P1:PP90	Auditory and PPI	3.63538461538462	1	0	-67.4642857142857	0.407298992805982	0	-72.9371428571428	0.435072157794369	0	-104.609615384615	0.00933887298614366	1	1.09167025782585	E	E	E
Auditory.startle.reflex.reactivity.and.PPI...P1.ST110	Auditory startle reflex reactivity and PPI - P1:ST110	Auditory and PPI	82.1620512820513	1	0	-371.871428571429	0.0299303404484239	1	82.9538095238095	0.844006078677642	0	-573.307692307692	0.000242611604044585	1	0.945450828125197	E	E	E
Auditory.startle.reflex.reactivity.and.PPI...P1.nb.cage	Auditory startle reflex reactivity and PPI - P1:nb/cage	Auditory and PPI	-0.97948717948718	0.165107449986906	0	0.0714285714285716	0.996825157544975	0	-0.919047619047619	0.204925385315915	0	0.413461538461538	0.359042968583944	0	2.49860470122618	E	E	E
Body.Weight.body.weight.w7..g.	Body Weight:body weight w7 (g)	Body	0.645641025641027	1	0	-4.30714285714286	3.02633929223842e-07	1	0.860476190476192	0.643235771388744	0	-4.55817307692308	1.14631778366014e-07	1	1.25944355371651	E	E	E
Clinical.chemistry.parameters.ALP..U.l.	Clinical chemistry parameters:ALP (U/l)	Clinical chemistry	-14.5384615384615	0.305595148607477	0	39.1538461538462	8.29966706090931e-07	1	-3.05494505494507	0.925024096812342	0	42.1833333333333	3.47733077026686e-06	1	1.16879581402957	E	E	E
Clinical.chemistry.parameters.Albumin..g.l.	Clinical chemistry parameters:Albumin (g/l)	Clinical chemistry	0.76923076923077	0.969602459771339	0	0.923076923076923	0.456583799740549	0	1.63736263736264	0.643235771388744	0	1.96666666666667	0.0673889449435366	0	0.715449784706946	E	E	E
Clinical.chemistry.parameters.Blood.Urea.Nitrogen.mg.dl..mg.dl.	Clinical chemistry parameters:Blood Urea Nitrogen mg/dl (mg/dl)	Clinical chemistry	-0.851958041958046	1	0	-0.604825174825173	0.787928811481286	0	0.0837012987012962	0.997139280905296	0	0.282884615384614	0.925407983478676	0	0.425840276028912	E	E	E
Clinical.chemistry.parameters.Glucose..mmol.l.	Clinical chemistry parameters:Glucose (mmol/l)	Clinical chemistry	-1.66503496503496	0.850145275936392	0	1.91678321678322	0.230458077709184	0	-0.851298701298701	0.67117940961113	0	3.88653846153846	0.00111631589853762	1	0.47054292660537	E	E	E
Clinical.chemistry.parameters.Glucose.mg.dl..mg.dl.	Clinical chemistry parameters:Glucose mg/dl (mg/dl)	Clinical chemistry	-29.9706293706294	0.850145275936392	0	34.5020979020979	0.230458077709184	0	-15.3233766233766	0.67117940961113	0	69.9576923076923	0.00111631589853762	1	0.47054292660537	E	E	E
Clinical.chemistry.parameters.HDL.Chol...mmol.l.	Clinical chemistry parameters:HDL Chol. (mmol/l)	Clinical chemistry	-0.151748251748252	0.902775101463322	0	-0.291328671328671	0.0345346723682053	1	-0.114935064935065	0.67117940961113	0	-0.215705128205128	0.00949179301581311	1	1.29351203016426	E	E	E
Clinical.chemistry.parameters.HDL.Chol..mg.dl..mg.dl.	Clinical chemistry parameters:HDL Chol. mg/dl (mg/dl)	Clinical chemistry	-5.87181818181818	0.769612446422784	0	-11.2739160839161	0.0108410765149877	1	-4.44753246753247	0.67117940961113	0	-8.34865384615385	0.00514553109727385	1	1.29329784594498	E	E	E
Clinical.chemistry.parameters.Non.HDL.Chol...mmol.l.	Clinical chemistry parameters:Non HDL Chol. (mmol/l)	Clinical chemistry	0.0378321678321679	1	0	0.131678321678322	0.230458077709184	0	0.0551948051948052	0.844006078677642	0	0.0785256410256411	0.30753303554514	0	0.796773459233525	E	E	E
Clinical.chemistry.parameters.P..mmol.l.	Clinical chemistry parameters:P (mmol/l)	Clinical chemistry	-0.0574125874125875	1	0	0.698531468531469	0.00107511500597389	1	0.102532467532467	0.987668834657673	0	0.679038461538461	0.000104715882391948	1	0.0370687987617962	E	E	E
Clinical.chemistry.parameters.P.mg.dl..mg.dl.	Clinical chemistry parameters:P mg/dl (mg/dl)	Clinical chemistry	-0.178951048951049	1	0	2.16104895104895	0.000609601052068383	1	0.315389610389611	0.987668834657673	0	2.10217948717949	8.47008844402529e-05	1	0.0411811158624102	E	E	E
Clinical.chemistry.parameters.T..Chol...mmol.l.	Clinical chemistry parameters:T. Chol. (mmol/l)	Clinical chemistry	-0.069294871794872	1	0	-0.191923076923077	0.394918277888915	0	-0.0151190476190477	0.997139280905296	0	-0.168333333333333	0.186306603777386	0	0.0406036830861388	E	E	E
Clinical.chemistry.parameters.T..Chol..mg.dl..mg.dl.	Clinical chemistry parameters:T. Chol. mg/dl (mg/dl)	Clinical chemistry	-2.68160256410256	1	0	-7.42897435897436	0.334069294687821	0	-0.586547619047622	0.997139280905296	0	-6.51392857142856	0.170969828007418	0	0.0403591504319372	E	E	E
Clinical.chemistry.parameters.T..bilirubin..µmol.l.	Clinical chemistry parameters:T. bilirubin (µmol/l)	Clinical chemistry	1.72115384615385	0.165107449986906	0	0.698717948717949	0.453491540722424	0	1.98214285714286	0.204925385315915	0	-0.370238095238096	0.580694298184088	0	2.24482719589639	E	E	E
Clinical.chemistry.parameters.T..bilirubin.mg.dl..mg.dl.	Clinical chemistry parameters:T. bilirubin mg/dl (mg/dl)	Clinical chemistry	0.100192307692308	0.815661822614011	0	0.0392307692307692	0.723218280201098	0	0.115357142857143	0.227845584751921	0	-0.0254761904761904	0.608992071738977	0	2.23886547411752	E	E	E
Clinical.chemistry.parameters.TG..mmol.l.	Clinical chemistry parameters:TG (mmol/l)	Clinical chemistry	-0.0560839160839162	1	0	-0.0983216783216785	0.736152314653717	0	-0.156688311688312	0.844006078677642	0	-0.238525641025641	0.253995280397663	0	0.654424108294939	E	E	E
Clinical.chemistry.parameters.TG.mg.dl..mg.dl.	Clinical chemistry parameters:TG mg/dl (mg/dl)	Clinical chemistry	-4.96594405594405	1	0	-8.70062937062937	0.728741639905579	0	-13.8686363636364	0.844006078677642	0	-21.1095512820513	0.252352785492284	0	0.654528428641298	E	E	E
Clinical.chemistry.parameters.Urea..mmol.l.	Clinical chemistry parameters:Urea (mmol/l)	Clinical chemistry	-0.304195804195805	1	0	-0.216083916083917	0.787928811481286	0	0.0298701298701296	0.997139280905296	0	0.100641025641026	0.925407983478676	0	0.425922581275796	E	E	E
Clinical.chemistry.parameters.Urea.mg.dl..mg.dl.	Clinical chemistry parameters:Urea mg/dl (mg/dl)	Clinical chemistry	-1.82517482517483	1	0	-1.2965034965035	0.787928811481286	0	0.179220779220785	0.997139280905296	0	0.603846153846156	0.925407983478676	0	0.425922581275795	E	E	E
Dysmorphology.IMPC.Body.weight..g.	Dysmorphology IMPC:Body weight (g)	Dysmorphology	0.434358974358975	1	0	-4.57857142857143	6.05819734022145e-08	1	0.640952380952381	0.67117940961113	0	-4.57644230769231	2.03092185327917e-07	1	1.09672992804571	E	E	E
Dysmorphology.IMPC.Loc..activity	Dysmorphology IMPC:Loc. activity	Dysmorphology	-7.42051282051282	0.165107449986906	0	-1.07142857142857	0.736152314653717	0	-3.76666666666667	0.67117940961113	0	-2.39423076923077	0.529875457846259	0	1.30853609683407	E	E	E
Dysmorphology.IMPC.Nb.cage	Dysmorphology IMPC:Nb/cage	Dysmorphology	-0.97948717948718	0.165107449986906	0	0.0714285714285716	0.996825157544975	0	-0.919047619047619	0.204925385315915	0	0.413461538461538	0.359042968583944	0	2.49860470122618	E	E	E
Dysmorphology.IMPC.Startle.response	Dysmorphology IMPC:Startle response	Dysmorphology	-0.071794871794872	1	0	1	3.70466677632669e-16	1	0.038095238095238	0.99999999999998	0	1	5.43236472188667e-25	1	0.426995873047967	E	E	E
Dysmorphology.IMPC.Transfer.arousal	Dysmorphology IMPC:Transfer arousal	Dysmorphology	-0.0461538461538462	1	0	-0.214285714285714	0.394918277888915	0	0.0142857142857142	0.997139280905296	0	-0.0432692307692308	0.885888194817991	0	0.412672028790896	E	E	E
Dysmorphology.IMPC.Vibrissae...presence	Dysmorphology IMPC:Vibrissae - presence	Dysmorphology	0.0205128205128204	1	0	0	0.996825157544975	0	-0.133333333333333	0.698422417805669	0	-0.0144230769230769	0.967121420499693	0	0.898259724573677	E	E	E
ECG.in.anaesthetized.conditions.HR..bpm.	ECG in anaesthetized conditions:HR (bpm)	ECG	-13.8871794871795	1	0	46.5714285714286	0.0394626722928181	1	3.90952380952382	0.996201857059625	0	50.3413461538461	0.0278525695442211	1	0.214423752153563	E	E	E
ECG.in.anaesthetized.conditions.Number.of.signals	ECG in anaesthetized conditions:Number of signals	ECG	-6.73846153846152	1	0	-28.1428571428571	0.407298992805982	0	31.3714285714286	0.67117940961113	0	-16.5240384615385	0.571245885659522	0	1.33767023471929	E	E	E
ECG.in.anaesthetized.conditions.PR..ms.	ECG in anaesthetized conditions:PR (ms)	ECG	-1.04358974358974	1	0	3.26428571428571	0.088124491861826	0	-0.980952380952381	0.870744952470529	0	2.24615384615385	0.203515478652061	0	0.894218783777272	E	E	E
ECG.in.anaesthetized.conditions.Pdur..ms.	ECG in anaesthetized conditions:Pdur (ms)	ECG	-1.23179487179488	0.951885262033203	0	1.34285714285715	0.42221940721025	0	0.463809523809523	0.933868430048111	0	-0.400961538461537	0.778427993949623	0	0.0896772362945797	E	E	E
ECG.in.anaesthetized.conditions.QRS..ms.	ECG in anaesthetized conditions:QRS (ms)	ECG	-0.570769230769232	1	0	-0.335714285714285	0.790630158730881	0	-0.125714285714288	0.987668834657673	0	0.283173076923077	0.848120698677035	0	0.0531908508699287	E	E	E
ECG.in.anaesthetized.conditions.QT..ms.	ECG in anaesthetized conditions:QT (ms)	ECG	2.28784615384615	0.969602459771339	0	-3.12214285714285	0.407298992805982	0	2.35542857142858	0.764301505623044	0	-1.55451923076923	0.571245885659522	0	1.06693718320406	E	E	E
ECG.in.anaesthetized.conditions.QT.corrigé..ms.Corr.	ECG in anaesthetized conditions:QT corrigé (ms Corr)	ECG	4.60215384615384	0.969602459771339	0	-1.91571428571429	0.868888070091521	0	7.65742857142857	0.67117940961113	0	3.14384615384616	0.693524685445956	0	1.36319454131097	E	E	E
ECG.in.anaesthetized.conditions.RR..ms.	ECG in anaesthetized conditions:RR (ms)	ECG	2.69333333333333	1	0	-14.9257142857143	0.0396208311730926	1	-2.86023809523809	0.982152215632872	0	-16.6685576923077	0.0272555530660041	1	0.344581744931143	E	E	E
ECG.in.anaesthetized.conditions.Ramp..mv.	ECG in anaesthetized conditions:Ramp (mv)	ECG	-0.0935897435897436	0.969602459771339	0	0.0750000000000001	0.66048577667189	0	-0.180952380952381	0.469044210543496	0	-0.104423076923077	0.384442416291085	0	1.25744371057409	E	E	E
ECG.in.anaesthetized.conditions.ST..ms.	ECG in anaesthetized conditions:ST (ms)	ECG	1.77466666666667	1	0	-2.92857142857143	0.430322556477864	0	1.68538095238095	0.844006078677642	0	-1.31245192307692	0.629353008168637	0	0.933252258500134	E	E	E
ECG.in.anaesthetized.conditions.STE..mv.	ECG in anaesthetized conditions:STE (mv)	ECG	0.0233333333333333	1	0	0.0221428571428571	0.787928811481286	0	0.0233333333333333	0.844006078677642	0	-0.00235576923076923	0.946499695860502	0	1.21128083957827	E	E	E
Echocardiography.using.the.Vevo.light.Body.mass..g.	Echocardiography using the Vevo light:Body mass (g)	Echocardiography	0.563076923076924	1	0	-4.78571428571428	9.9717638504496e-07	1	0.561428571428571	0.790810614535675	0	-4.44711538461538	1.84631429517679e-06	1	1.13178335847727	E	E	E
Echocardiography.using.the.Vevo.light.EF....	Echocardiography using the Vevo light:EF (%)	Echocardiography	3.20958974358975	0.460237618852246	0	1.68214285714286	0.466484759366941	0	3.08409523809524	0.67117940961113	0	2.46927884615385	0.411422523908936	0	1.14359770330631	E	E	E
Echocardiography.using.the.Vevo.light.FS....	Echocardiography using the Vevo light:FS (%)	Echocardiography	2.0568717948718	0.451824386446417	0	1.10071428571429	0.453491540722424	0	2.10533333333333	0.67117940961113	0	1.50346153846154	0.47163674841312	0	1.19893390065704	E	E	E
Echocardiography.using.the.Vevo.light.HR..bpm.	Echocardiography using the Vevo light:HR (bpm)	Echocardiography	11.9230769230769	0.951885262033203	0	38.0714285714286	0.019711171924118	1	25.7142857142857	0.643235771388744	0	42.2980769230769	0.00896936477347841	1	1.16652534121179	E	E	E
Echocardiography.using.the.Vevo.light.LV.Mass.AW..Corrected...mg.	Echocardiography using the Vevo light:LV Mass AW (Corrected) (mg)	Echocardiography	-4.93902564102564	0.969602459771339	0	-8.25071428571428	0.407298992805982	0	3.00723809523811	0.933868430048111	0	-19.1748076923077	0.0111836038119468	1	0.8289499157187	E	E	E
Echocardiography.using.the.Vevo.light.LV.Mass.AW..mg.	Echocardiography using the Vevo light:LV Mass AW (mg)	Echocardiography	-6.1723076923077	0.969602459771339	0	-10.3142857142857	0.407298992805982	0	3.76214285714285	0.933868430048111	0	-23.968125	0.0111836038119468	1	0.829173544969379	E	E	E
Echocardiography.using.the.Vevo.light.LV.Vol_d..uL.	Echocardiography using the Vevo light:LV Vol_d (uL)	Echocardiography	-0.120717948717953	1	0	-1.81	0.906289424852428	0	0.481095238095236	0.987668834657673	0	-11.1805288461538	0.126041364275141	0	0.481423242378463	E	E	E
Echocardiography.using.the.Vevo.light.LV.Vol_s..uL.	Echocardiography using the Vevo light:LV Vol_s (uL)	Echocardiography	-1.63328205128205	1	0	-2.47928571428572	0.736152314653717	0	-1.78223809523809	0.933868430048111	0	-6.89759615384615	0.0756614393729307	0	0.11933198414756	E	E	E
Echocardiography.using.the.Vevo.light.LVAW_d..mm.	Echocardiography using the Vevo light:LVAW_d (mm)	Echocardiography	-0.0115384615384615	1	0	-0.0621428571428572	0.477451081938782	0	0.0178571428571429	0.933868430048111	0	-0.0777884615384615	0.119824533191455	0	0.67292918366147	E	E	E
Echocardiography.using.the.Vevo.light.LVAW_s..mm.	Echocardiography using the Vevo light:LVAW_s (mm)	Echocardiography	-0.0311282051282051	1	0	-0.0249999999999999	0.807239047488328	0	0.0351904761904762	0.915547494322184	0	-0.0703365384615384	0.305224228741262	0	1.05813907720606	E	E	E
Echocardiography.using.the.Vevo.light.LVID_d..mm.	Echocardiography using the Vevo light:LVID_d (mm)	Echocardiography	-0.024974358974359	1	0	-0.00785714285714256	0.996825157544975	0	0.0101904761904761	0.988301065718963	0	-0.237211538461539	0.164695211689254	0	0.463415086313813	E	E	E
Echocardiography.using.the.Vevo.light.LVID_s..mm.	Echocardiography using the Vevo light:LVID_s (mm)	Echocardiography	-0.092051282051282	1	0	-0.0549999999999997	0.808321079112645	0	-0.0752380952380949	0.933868430048111	0	-0.233605769230769	0.087246417873361	0	0.222459039569968	E	E	E
Echocardiography.using.the.Vevo.light.LVPW_d..mm.	Echocardiography using the Vevo light:LVPW_d (mm)	Echocardiography	-0.0338461538461539	1	0	-0.04	0.651479645456361	0	0.0178571428571428	0.933868430048111	0	-0.0499038461538461	0.26178213247474	0	0.803923131106135	E	E	E
Echocardiography.using.the.Vevo.light.LVPW_s..mm.	Echocardiography using the Vevo light:LVPW_s (mm)	Echocardiography	-0.0068717948717949	1	0	-0.0557142857142856	0.551600906635502	0	0.0203809523809524	0.933868430048111	0	-0.0561538461538461	0.303831940010976	0	1.09640245797247	E	E	E
Eye.Morphology.Body.weight..g.	Eye Morphology:Body weight (g)	Eye	-0.242051282051282	0.969602459771339	0	-4.8	2.52557731822552e-07	1	-0.0695238095238082	0.987668834657673	0	-5.22692307692308	4.54191921489479e-09	1	0.52564428923828	E	E	E
Eye.Morphology.Fusion.between.cornea.and.lens	Eye Morphology:Fusion between cornea and lens	Eye	NA	NA	NA	NA	NA	NA	0.0714285714285714	0.844006078677642	0	0.0625	0.571245885659522	0	0.750608247636897	E	E	E
Eye.Morphology.Iris.Pigmentation	Eye Morphology:Iris Pigmentation	Eye	NA	NA	NA	NA	NA	NA	-0.0714285714285714	0.844006078677642	0	-0.0625	0.571245885659522	0	0.750608247636897	E	E	E
Eye.Morphology.Iris.transilumination	Eye Morphology:Iris transilumination	Eye	NA	NA	NA	NA	NA	NA	-0.0714285714285714	0.844006078677642	0	-0.0625	0.571245885659522	0	0.750608247636897	E	E	E
Eye.Morphology.Iris.Pupil	Eye Morphology:Iris/Pupil	Eye	NA	NA	NA	NA	NA	NA	-0.0714285714285714	0.844006078677642	0	-0.0625	0.571245885659522	0	0.750608247636897	E	E	E
Eye.Morphology.Lens	Eye Morphology:Lens	Eye	NA	NA	NA	NA	NA	NA	-0.0714285714285714	0.844006078677642	0	-0.0625	0.571245885659522	0	0.750608247636897	E	E	E
Eye.Morphology.Lens.Opacity	Eye Morphology:Lens Opacity	Eye	NA	NA	NA	NA	NA	NA	0.0714285714285714	0.844006078677642	0	0.0625	0.571245885659522	0	0.750608247636897	E	E	E
Eye.Morphology.Pupil.Dilation	Eye Morphology:Pupil Dilation	Eye	NA	NA	NA	NA	NA	NA	-0.0714285714285714	0.844006078677642	0	-0.0625	0.571245885659522	0	0.750608247636897	E	E	E
Eye.Morphology.Pupil.Light.Response	Eye Morphology:Pupil Light Response	Eye	NA	NA	NA	NA	NA	NA	-0.0714285714285714	0.844006078677642	0	-0.0625	0.571245885659522	0	0.750608247636897	E	E	E
Eye.Morphology.Pupil.Position	Eye Morphology:Pupil Position	Eye	NA	NA	NA	NA	NA	NA	-0.0714285714285714	0.844006078677642	0	-0.0625	0.571245885659522	0	0.750608247636897	E	E	E
Eye.Morphology.Pupil.Shape	Eye Morphology:Pupil Shape	Eye	NA	NA	NA	NA	NA	NA	-0.0714285714285714	0.844006078677642	0	-0.0625	0.571245885659522	0	0.750608247636897	E	E	E
Eye.Morphology.Synechia	Eye Morphology:Synechia	Eye	NA	NA	NA	NA	NA	NA	0.0714285714285714	0.844006078677642	0	0.0625	0.571245885659522	0	0.750608247636897	E	E	E
Grip.test.Grip.mean..4paws...g.	Grip test:Grip mean (4paws) (g)	Grip test	12.2026666666667	0.951885262033203	0	-5.66571428571427	0.797103571298243	0	16.593380952381	0.67117940961113	0	-23.1200961538462	0.152250556765699	0	1.25820656930978	E	E	E
Grip.test.Grip.mean..g.	Grip test:Grip mean (g)	Grip test	-0.307692307692307	1	0	-17.9528571428571	0.0396208311730926	1	-7.85642857142857	0.790810614535675	0	-20.305	0.0108475102242224	1	0.564454986802848	E	E	E
Grip.test.Grip.mean.ratio..g.g.	Grip test:Grip mean ratio (g/g)	Grip test	-0.140000000000001	1	0	0.332857142857144	0.457061354721309	0	-0.510714285714286	0.525353370131545	0	0.184711538461539	0.571245885659522	0	1.75222865220011	E	E	E
Grip.test.Grip.mean.ratio.4paws...g.g.	Grip test:Grip mean ratio(4paws) (g/g)	Grip test	0.289282051282051	0.969602459771339	0	1.865	0.00128927574094397	1	0.371095238095238	0.933868430048111	0	1.06634615384615	0.116893765611824	0	0.377768072213919	E	E	E
Grip.test.Nb.cage	Grip test:Nb/cage	Grip test	-0.97948717948718	0.165107449986906	0	0.0714285714285716	0.996825157544975	0	-0.919047619047619	0.204925385315915	0	0.413461538461538	0.359042968583944	0	2.49860470122618	E	E	E
Grip.test.Trial.1..g.	Grip test:Trial 1 (g)	Grip test	-3.35384615384616	1	0	-18	0.0521734102570298	0	-9.12857142857143	0.790810614535675	0	-18.7788461538462	0.0554086908028448	0	0.754780216217901	E	E	E
Grip.test.Trial.2..g.	Grip test:Trial 2 (g)	Grip test	-0.841025641025638	1	0	-16.2857142857143	0.0775830611447765	0	-5.46190476190476	0.925024096812342	0	-19.8461538461538	0.0175685676930698	1	0.376955976570198	E	E	E
Grip.test.Trial.3..g.	Grip test:Trial 3 (g)	Grip test	3.27179487179487	1	0	-19.5714285714286	0.0345839422522856	1	-8.98095238095237	0.67117940961113	0	-22.2932692307692	0.00210370156708583	1	0.474105217876755	E	E	E
Grip.test.Trial1..4paws...g.	Grip test:Trial1 (4paws) (g)	Grip test	13.0051282051282	0.951885262033203	0	-5	0.844914783944337	0	15.2523809523809	0.764301505623044	0	-24.5865384615385	0.168148226533412	0	1.10438729314687	E	E	E
Grip.test.Trial2..4paws...g.	Grip test:Trial2 (4paws) (g)	Grip test	14.3538461538461	0.951885262033203	0	-8.21428571428572	0.723218280201098	0	18.4142857142857	0.67117940961113	0	-22.8701923076923	0.164695211689254	0	1.21905432540924	E	E	E
Grip.test.Trial3..4paws...g.	Grip test:Trial3 (4paws) (g)	Grip test	9.24615384615385	0.969602459771339	0	-3.78571428571428	0.868888070091521	0	16.1142857142857	0.67117940961113	0	-21.8990384615385	0.164695211689254	0	1.36964801371322	E	E	E
Grip.test.Weight..g.	Grip test:Weight (g)	Grip test	0.51794871794872	1	0	-5.11428571428571	6.05819734022145e-08	1	0.533333333333335	0.764301505623044	0	-5.12884615384615	1.14631778366014e-07	1	0.9287710733289	E	E	E
Gross.Pathology.Body.Weight..g.	Gross Pathology:Body Weight (g)	Gross	0.254205128205129	1	0	-4.21928571428571	2.08699001887199e-06	1	0.12052380952381	0.933868430048111	0	-4.67182692307692	2.21557177962088e-07	1	0.856864578359373	E	E	E
Haematology...Complete.blood.count..CBC.on.the.Advia.120..BASO....	Haematology - Complete blood count (CBC)on the Advia 120:%BASO (%)	Haematology	NA	NA	NA	NA	NA	NA	0.027972027972028	0.933868430048111	0	0.00559440559440558	0.997642416834717	0	0.702361519662431	E	E	E
Haematology...Complete.blood.count..CBC.on.the.Advia.120..EOSINO....	Haematology - Complete blood count (CBC)on the Advia 120:%EOSINO (%)	Haematology	NA	NA	NA	NA	NA	NA	0.262237762237762	0.997139280905296	0	0.92937062937063	0.62681287640189	0	0.1992494796622	E	E	E
Haematology...Complete.blood.count..CBC.on.the.Advia.120..LUC....	Haematology - Complete blood count (CBC)on the Advia 120:%LUC (%)	Haematology	NA	NA	NA	NA	NA	NA	-0.208391608391608	0.67117940961113	0	-0.194405594405594	0.257613642117014	0	1.27386365193851	E	E	E
Haematology...Complete.blood.count..CBC.on.the.Advia.120..LYMPHO....	Haematology - Complete blood count (CBC)on the Advia 120:%LYMPHO (%)	Haematology	NA	NA	NA	NA	NA	NA	-1.54475524475525	0.933868430048111	0	-2.41608391608392	0.392878985308602	0	0.649748411658791	E	E	E
Haematology...Complete.blood.count..CBC.on.the.Advia.120..MONO....	Haematology - Complete blood count (CBC)on the Advia 120:%MONO (%)	Haematology	NA	NA	NA	NA	NA	NA	-0.263636363636363	0.966548256195618	0	-0.223076923076923	0.848120698677035	0	0.277698086629544	E	E	E
Haematology...Complete.blood.count..CBC.on.the.Advia.120..NEUTRO....	Haematology - Complete blood count (CBC)on the Advia 120:%NEUTRO (%)	Haematology	NA	NA	NA	NA	NA	NA	1.72797202797203	0.67117940961113	0	1.93076923076923	0.181798684868855	0	1.39423621891759	E	E	E
Haematology...Complete.blood.count..CBC.on.the.Advia.120.BASO..x10E03.cells.µL.	Haematology - Complete blood count (CBC)on the Advia 120:BASO (x10E03 cells/µL)	Haematology	NA	NA	NA	NA	NA	NA	0.000979020979020979	0.997139280905296	0	-0.000979020979020979	0.993243550568789	0	0.595530309056739	E	E	E
Haematology...Complete.blood.count..CBC.on.the.Advia.120.BASO.BRUT..x10E03.cells.µL.	Haematology - Complete blood count (CBC)on the Advia 120:BASO BRUT (x10E03 cells/µL)	Haematology	NA	NA	NA	NA	NA	NA	0.00048951048951049	0.997139280905296	0	-0.00048951048951049	0.995136616821126	0	0.595530309056739	E	E	E
Haematology...Complete.blood.count..CBC.on.the.Advia.120.CHCM..g.dL.	Haematology - Complete blood count (CBC)on the Advia 120:CHCM (g/dL)	Haematology	NA	NA	NA	NA	NA	NA	0.134265734265735	0.933868430048111	0	-0.0503496503496486	0.872410002839032	0	0.000455744340458464	E	E	E
Haematology...Complete.blood.count..CBC.on.the.Advia.120.CHDW..g.dL.	Haematology - Complete blood count (CBC)on the Advia 120:CHDW (g/dL)	Haematology	NA	NA	NA	NA	NA	NA	0.0241958041958041	0.933868430048111	0	0.00937062937062949	0.935833366390033	0	0.702787987045271	E	E	E
Haematology...Complete.blood.count..CBC.on.the.Advia.120.EOSINO..x10E03.cells.µL.	Haematology - Complete blood count (CBC)on the Advia 120:EOSINO (x10E03 cells/µL)	Haematology	NA	NA	NA	NA	NA	NA	-0.0255944055944056	0.982152215632872	0	-0.0415384615384616	0.665085752505091	0	0.50498635882876	E	E	E
Haematology...Complete.blood.count..CBC.on.the.Advia.120.EOSINO.BRUT..x10E03.cells.µL.	Haematology - Complete blood count (CBC)on the Advia 120:EOSINO BRUT (x10E03 cells/µL)	Haematology	NA	NA	NA	NA	NA	NA	-0.0127972027972028	0.987668834657673	0	-0.0207692307692308	0.743384747417311	0	0.50498635882876	E	E	E
Haematology...Complete.blood.count..CBC.on.the.Advia.120.HCT....	Haematology - Complete blood count (CBC)on the Advia 120:HCT (%)	Haematology	NA	NA	NA	NA	NA	NA	-2.36643356643356	0.643235771388744	0	-2.26573426573427	0.196862741264085	0	1.71183394177796	E	E	E
Haematology...Complete.blood.count..CBC.on.the.Advia.120.HGB..g.dL.	Haematology - Complete blood count (CBC)on the Advia 120:HGB (g/dL)	Haematology	NA	NA	NA	NA	NA	NA	-0.542657342657343	0.698422417805669	0	-0.565034965034965	0.30753303554514	0	1.46190704557673	E	E	E
Haematology...Complete.blood.count..CBC.on.the.Advia.120.HGB.brut..g.dL.	Haematology - Complete blood count (CBC)on the Advia 120:HGB brut (g/dL)	Haematology	NA	NA	NA	NA	NA	NA	-0.271328671328671	0.698422417805669	0	-0.282517482517482	0.311737589196754	0	1.46190704557673	E	E	E
Haematology...Complete.blood.count..CBC.on.the.Advia.120.Hte.brut....	Haematology - Complete blood count (CBC)on the Advia 120:Hte brut (%)	Haematology	NA	NA	NA	NA	NA	NA	-1.18321678321678	0.643235771388744	0	-1.13286713286713	0.196862741264085	0	1.71183394177796	E	E	E
Haematology...Complete.blood.count..CBC.on.the.Advia.120.LUC..x10E03.cells.µL.	Haematology - Complete blood count (CBC)on the Advia 120:LUC (x10E03 cells/µL)	Haematology	NA	NA	NA	NA	NA	NA	-0.0123076923076923	0.982152215632872	0	-0.0179020979020979	0.693524685445956	0	0.669493934145343	E	E	E
Haematology...Complete.blood.count..CBC.on.the.Advia.120.LUC.BRUT..x10E03.cells.µL.	Haematology - Complete blood count (CBC)on the Advia 120:LUC BRUT (x10E03 cells/µL)	Haematology	NA	NA	NA	NA	NA	NA	-0.00615384615384615	0.987668834657673	0	-0.00895104895104895	0.870404071427243	0	0.669493934145343	E	E	E
Haematology...Complete.blood.count..CBC.on.the.Advia.120.LYMPHO..x10E03.cells.µL.	Haematology - Complete blood count (CBC)on the Advia 120:LYMPHO (x10E03 cells/µL)	Haematology	NA	NA	NA	NA	NA	NA	-0.901818181818182	0.67117940961113	0	-1.56531468531469	0.00541793487156372	1	0.789162063421018	E	E	E
Haematology...Complete.blood.count..CBC.on.the.Advia.120.LYMPHO.BRUT..x10E03.cells.µL.	Haematology - Complete blood count (CBC)on the Advia 120:LYMPHO BRUT (x10E03 cells/µL)	Haematology	NA	NA	NA	NA	NA	NA	-0.450909090909091	0.67117940961113	0	-0.782657342657343	0.00564214489265641	1	0.789162063421018	E	E	E
Haematology...Complete.blood.count..CBC.on.the.Advia.120.MCH..pg.	Haematology - Complete blood count (CBC)on the Advia 120:MCH (pg)	Haematology	NA	NA	NA	NA	NA	NA	0.142657342657342	0.844006078677642	0	0.159440559440558	0.426033605564607	0	1.41979980546721	E	E	E
Haematology...Complete.blood.count..CBC.on.the.Advia.120.MCHC..g.dL.	Haematology - Complete blood count (CBC)on the Advia 120:MCHC (g/dL)	Haematology	NA	NA	NA	NA	NA	NA	0.224475524475523	0.920940319769689	0	0.17832167832168	0.730532153167758	0	0.392127018033455	E	E	E
Haematology...Complete.blood.count..CBC.on.the.Advia.120.MCV..fL.	Haematology - Complete blood count (CBC)on the Advia 120:MCV (fL)	Haematology	NA	NA	NA	NA	NA	NA	0.141958041958041	0.987668834657673	0	0.260839160839161	0.756307834713133	0	0.958843719189839	E	E	E
Haematology...Complete.blood.count..CBC.on.the.Advia.120.MONO..x10E03.cells.µL.	Haematology - Complete blood count (CBC)on the Advia 120:MONO (x10E03 cells/µL)	Haematology	NA	NA	NA	NA	NA	NA	-0.0341258741258741	0.933868430048111	0	-0.0565034965034965	0.398158179324629	0	0.00467422171254869	E	E	E
Haematology...Complete.blood.count..CBC.on.the.Advia.120.MONO.BRUT..x10E03.cells.µL.	Haematology - Complete blood count (CBC)on the Advia 120:MONO BRUT (x10E03 cells/µL)	Haematology	NA	NA	NA	NA	NA	NA	-0.0170629370629371	0.982152215632872	0	-0.0282517482517483	0.571245885659522	0	0.00467422171254869	E	E	E
Haematology...Complete.blood.count..CBC.on.the.Advia.120.NEUTRO..x10E03.cells.µL.	Haematology - Complete blood count (CBC)on the Advia 120:NEUTRO (x10E03 cells/µL)	Haematology	NA	NA	NA	NA	NA	NA	-0.0391608391608392	0.987668834657673	0	-0.115244755244755	0.252352785492284	0	0.108832290769305	E	E	E
Haematology...Complete.blood.count..CBC.on.the.Advia.120.NEUTRO.BRUT..x10E03.cells.µL.	Haematology - Complete blood count (CBC)on the Advia 120:NEUTRO BRUT (x10E03 cells/µL)	Haematology	NA	NA	NA	NA	NA	NA	-0.0195804195804196	0.987668834657673	0	-0.0576223776223776	0.350874928744029	0	0.108832290769305	E	E	E
Haematology...Complete.blood.count..CBC.on.the.Advia.120.RBC..x10E06.cells.µL.	Haematology - Complete blood count (CBC)on the Advia 120:RBC (x10E06 cells/µL)	Haematology	NA	NA	NA	NA	NA	NA	-0.501678321678321	0.67117940961113	0	-0.505314685314685	0.252352785492284	0	1.73313492754387	E	E	E
Haematology...Complete.blood.count..CBC.on.the.Advia.120.RBC.brut..x10E06.cells.µL.	Haematology - Complete blood count (CBC)on the Advia 120:RBC brut (x10E06 cells/µL)	Haematology	NA	NA	NA	NA	NA	NA	-0.250839160839161	0.67117940961113	0	-0.252657342657343	0.253995280397663	0	1.73313492754387	E	E	E
Haematology...Complete.blood.count..CBC.on.the.Advia.120.RDW....	Haematology - Complete blood count (CBC)on the Advia 120:RDW (%)	Haematology	NA	NA	NA	NA	NA	NA	0.0300699300699296	0.987668834657673	0	-0.08041958041958	0.848120698677035	0	0.502102726515777	E	E	E
Haematology...Complete.blood.count..CBC.on.the.Advia.120.WBC..x10E03.cells.µL.	Haematology - Complete blood count (CBC)on the Advia 120:WBC (x10E03 cells/µL)	Haematology	NA	NA	NA	NA	NA	NA	-0.930909090909091	0.688247949790833	0	-1.74769230769231	0.0079950318461798	1	0.61504489351813	E	E	E
Haematology...Complete.blood.count..CBC.on.the.Advia.120.WBC.brut..x10E03.cells.µL.	Haematology - Complete blood count (CBC)on the Advia 120:WBC brut (x10E03 cells/µL)	Haematology	NA	NA	NA	NA	NA	NA	-0.465454545454545	0.688247949790833	0	-0.873846153846154	0.00816731936851172	1	0.61504489351813	E	E	E
Hot.plate.test.Body.weight..g.	Hot plate test:Body weight (g)	Hot plate	-0.242051282051282	0.969602459771339	0	-4.8	2.52557731822552e-07	1	-0.0695238095238082	0.987668834657673	0	-5.22692307692308	4.54191921489479e-09	1	0.52564428923828	E	E	E
Hot.plate.test.Hot.plate.1..s.	Hot plate test:Hot plate 1 (s)	Hot plate	1.18635897435897	0.969602459771339	0	0.0428571428571427	0.996825157544975	0	0.000809523809522261	0.997139280905296	0	-0.841778846153847	0.646042447046853	0	0.401960910782427	E	E	E
Hot.plate.test.Nb.cage	Hot plate test:Nb/cage	Hot plate	-0.97948717948718	0.165107449986906	0	0.0714285714285716	0.996825157544975	0	-0.990476190476191	0.204925385315915	0	0.490384615384615	0.2882417351641	0	2.52159885216037	E	E	E
Hot.plate.test.Type.of.response	Hot plate test:Type of response	Hot plate	-0.0205128205128204	1	0	0.142857142857143	0.576750838635654	0	-0.152380952380953	0.794663164002705	0	0.322115384615385	0.0947836969460306	0	1.19478258283865	E	E	E
Modified.SHIRPA.Body.weight	Modified SHIRPA:Body weight	SHIRPA	0.51794871794872	1	0	-5.11428571428571	6.05819734022145e-08	1	0.533333333333335	0.764301505623044	0	-5.12884615384615	1.14631778366014e-07	1	0.9287710733289	E	E	E
Modified.SHIRPA.Loc..activity	Modified SHIRPA:Loc. activity	SHIRPA	-7.42051282051282	0.165107449986906	0	-1.07142857142857	0.736152314653717	0	-3.76666666666667	0.67117940961113	0	-2.39423076923077	0.529875457846259	0	1.30853609683407	E	E	E
Modified.SHIRPA.Nb.cage	Modified SHIRPA:Nb/cage	SHIRPA	-0.97948717948718	0.165107449986906	0	0.0714285714285716	0.996825157544975	0	-0.919047619047619	0.204925385315915	0	0.413461538461538	0.359042968583944	0	2.49860470122618	E	E	E
Modified.SHIRPA.Nb.cage.Eumodic	Modified SHIRPA:Nb/cage Eumodic	SHIRPA	-0.97948717948718	0.165107449986906	0	0.0714285714285716	0.996825157544975	0	-0.919047619047619	0.204925385315915	0	0.413461538461538	0.359042968583944	0	2.49860470122618	E	E	E
Modified.SHIRPA.Startle.response	Modified SHIRPA:Startle response	SHIRPA	-0.071794871794872	1	0	1	3.70466677632669e-16	1	0.038095238095238	0.99999999999998	0	1	5.43236472188667e-25	1	0.426995873047967	E	E	E
Modified.SHIRPA.Transfer.arousal	Modified SHIRPA:Transfer arousal	SHIRPA	-0.0461538461538462	1	0	-0.214285714285714	0.394918277888915	0	0.0142857142857142	0.997139280905296	0	-0.0432692307692308	0.885888194817991	0	0.412672028790896	E	E	E
Open.field.test...Time.Spent.in.the.Center.I1..cm.	Open field test:% Time Spent in the Center I1 (cm)	Open field	-2.22307692307692	0.815661822614011	0	-1.76428571428571	0.407298992805982	0	-0.807142857142859	0.982152215632872	0	-5.04230769230769	0.0108475102242224	1	0.00317376956863177	E	E	E
Open.field.test...Time.Spent.in.the.Center.I2..cm.	Open field test:% Time Spent in the Center I2 (cm)	Open field	-2.03897435897436	0.951885262033203	0	1.51428571428571	0.583780449597495	0	-2.87523809523809	0.643235771388744	0	-1.21826923076923	0.608992071738977	0	1.28989794612796	E	E	E
Open.field.test...Time.Spent.in.the.Center.I3..cm.	Open field test:% Time Spent in the Center I3 (cm)	Open field	-1.65846153846154	1	0	2	0.59140372813198	0	1.55857142857143	0.921800020022645	0	-2.69903846153846	0.379956206289405	0	1.07483824047976	E	E	E
Open.field.test...Time.Spent.in.the.Center.I4..cm.	Open field test:% Time Spent in the Center I4 (cm)	Open field	-1.32051282051282	0.990522784351568	0	0.607142857142856	0.868888070091521	0	2.7047619047619	0.844006078677642	0	0.326442307692307	0.974708939275777	0	0.732282790228868	E	E	E
Open.field.test...distance.in.the.Center.I1..cm.	Open field test:% distance in the Center I1 (cm)	Open field	-3.15948717948718	0.419888459265839	0	-1.77857142857143	0.407298992805982	0	-0.734761904761903	0.982152215632872	0	-4.75961538461538	0.0340938179835804	1	0.118401221477488	E	E	E
Open.field.test...distance.in.the.Center.I2..cm.	Open field test:% distance in the Center I2 (cm)	Open field	-2.86615384615385	0.933837076299129	0	1.29285714285714	0.757787951622135	0	-3.24142857142857	0.67117940961113	0	-0.959615384615386	0.813479569201072	0	0.976609099565019	E	E	E
Open.field.test...distance.in.the.Center.I3..cm.	Open field test:% distance in the Center I3 (cm)	Open field	-1.82717948717949	1	0	2.92142857142857	0.477451081938782	0	3.49095238095238	0.698422417805669	0	-0.967307692307692	0.813528466841429	0	1.44818600921204	E	E	E
Open.field.test...distance.in.the.Center.I4..cm.	Open field test:% distance in the Center I4 (cm)	Open field	-2.14410256410256	0.969602459771339	0	2.15	0.536888038677167	0	2.57238095238095	0.844006078677642	0	-0.806249999999999	0.848120698677035	0	0.7176441407573	E	E	E
Open.field.test...distance.in.the.Center.glob...cm.	Open field test:% distance in the Center glob. (cm)	Open field	-2.66410256410256	0.460237618852246	0	0.892857142857142	0.7628204147608	0	0.402380952380952	0.982152215632872	0	-2.20865384615385	0.252352785492284	0	0.568496747575466	E	E	E
Open.field.test..Time.Spent.in.the.Center.glob	Open field test:%Time Spent in the Center glob	Open field	-1.79076923076923	0.815661822614011	0	0.585714285714285	0.808321079112645	0	0.175714285714285	0.987668834657673	0	-2.14951923076923	0.252352785492284	0	0.461520247917177	E	E	E
Open.field.test.Dist.I1..cm.	Open field test:Dist I1 (cm)	Open field	60.2948717948721	1	0	111.478571428571	0.629500684033287	0	128.561904761905	0.844006078677642	0	3.97403846153884	0.998405886768467	0	1.15945456150428	E	E	E
Open.field.test.Dist.I2..cm.	Open field test:Dist I2 (cm)	Open field	50.8425641025642	1	0	84.1499999999996	0.583780449597495	0	-3.84095238095233	0.997139280905296	0	-139.542788461539	0.342183780980781	0	0.389102684785674	E	E	E
Open.field.test.Dist.I3..cm.	Open field test:Dist I3 (cm)	Open field	23.6594871794871	1	0	127.057142857143	0.59140372813198	0	29.3847619047617	0.987668834657673	0	-132.54375	0.47163674841312	0	0.645867153023191	E	E	E
Open.field.test.Dist.I4..cm.	Open field test:Dist I4 (cm)	Open field	0.974871794871888	1	0	229.335714285714	0.189866341392937	0	75.0704761904763	0.933868430048111	0	50.9115384615386	0.850646207266626	0	0.486629752270801	E	E	E
Open.field.test.Dist.global..cm.	Open field test:Dist global (cm)	Open field	135.793846153845	1	0	552	0.407298992805982	0	229.154285714285	0.933868430048111	0	-217.218269230771	0.73261666920259	0	0.812501947838004	E	E	E
Open.field.test.Distance.center..cm.	Open field test:Distance center (cm)	Open field	-194.041538461538	0.951885262033203	0	150.221428571429	0.6322841917977	0	76.6557142857143	0.933868430048111	0	-232.359615384615	0.269751604291995	0	0.833781081005242	E	E	E
Open.field.test.Distance.periphery..cm.	Open field test:Distance periphery (cm)	Open field	329.782564102564	0.951885262033203	0	401.757142857143	0.407298992805982	0	152.513333333333	0.971665148181776	0	15.1524038461539	0.995136616821126	0	0.606218599047822	E	E	E
Open.field.test.Distance.whole.arena..cm.	Open field test:Distance whole arena (cm)	Open field	135.793846153845	1	0	552	0.407298992805982	0	229.154285714285	0.933868430048111	0	-217.218269230771	0.73261666920259	0	0.812501947838004	E	E	E
Open.field.test.Latency.center..s.	Open field test:Latency center (s)	Open field	7.44615384615384	0.958068959763317	0	4.02857142857143	0.723218280201098	0	-7.21428571428572	0.698422417805669	0	5.45480769230769	0.479580628024766	0	0.756188027878083	E	E	E
Open.field.test.NEntries.center	Open field test:NEntries center	Open field	-3.30256410256411	1	0	13	0.149750273403802	0	4.8952380952381	0.933868430048111	0	-1.30288461538461	0.925407983478676	0	0.738517616794096	E	E	E
Open.field.test.Number.of.Rearings.I1	Open field test:Number of Rearings I1	Open field	-1.2974358974359	1	0	0.0714285714285694	0.996825157544975	0	4.57619047619048	0.818519555508255	0	-5.21634615384615	0.372286567626249	0	1.01817311017242	E	E	E
Open.field.test.Number.of.Rearings.I2	Open field test:Number of Rearings I2	Open field	-3.52820512820513	0.969602459771339	0	-4.85714285714285	0.466484759366941	0	0.00476190476189942	0.993164980998536	0	-14.2355769230769	0.0137516690832464	1	0.465296461072497	E	E	E
Open.field.test.Number.of.Rearings.I3	Open field test:Number of Rearings I3	Open field	-0.702564102564097	1	0	-3.78571428571428	0.696752432899748	0	-2.14761904761905	0.982152215632872	0	-15.6634615384615	0.00896936477347841	1	0.141978713059439	E	E	E
Open.field.test.Number.of.Rearings.I4	Open field test:Number of Rearings I4	Open field	4.34871794871795	0.969602459771339	0	-3	0.723218280201098	0	5.01904761904762	0.675920703123688	0	-11.9951923076923	0.0140024646140934	1	1.11029821167704	E	E	E
Open.field.test.Number.of.Rearings.global	Open field test:Number of Rearings global	Open field	-1.17948717948718	1	0	-11.5714285714286	0.675279464416691	0	7.45238095238093	0.933868430048111	0	-47.1105769230769	0.0102789973689641	1	0.76093411588488	E	E	E
Open.field.test.Permanence.Time.center..s.	Open field test:Permanence Time center (s)	Open field	-21.7979487179487	0.815661822614011	0	7.07142857142856	0.808321079112645	0	1.72952380952381	0.987668834657673	0	-25.9288461538462	0.252352785492284	0	0.446523148966265	E	E	E
Open.field.test.Permanence.Time.periphery..s.	Open field test:Permanence Time periphery (s)	Open field	21.7979487179489	0.815661822614011	0	-7.07142857142844	0.808321079112645	0	-1.7295238095237	0.987668834657673	0	25.9288461538463	0.252352785492284	0	0.446523148966264	E	E	E
Open.field.test.Resting.Time.center..s.	Open field test:Resting Time center (s)	Open field	-2.30358974358974	0.951885262033203	0	-3.02857142857143	0.346186568611773	0	1.70190476190476	0.982152215632872	0	1.175	0.899891699390979	0	0.317573420598538	E	E	E
Open.field.test.Resting.Time.periphery..s.	Open field test:Resting Time periphery (s)	Open field	-20.4451282051282	1	0	-3.34285714285716	0.949181009789465	0	-13.0923809523809	0.933868430048111	0	42.2759615384616	0.253995280397663	0	0.757843080761371	E	E	E
Open.field.test.Resting.Time.whole.arena..s.	Open field test:Resting Time whole arena (s)	Open field	-22.72	0.969602459771339	0	-6.37142857142862	0.868888070091521	0	-11.4057142857143	0.933868430048111	0	43.4413461538462	0.244665744994211	0	0.718445038049897	E	E	E
Open.field.test.av..speed.center..cm.s.	Open field test:av. speed center (cm/s)	Open field	0.121948717948719	1	0	0.347142857142856	0.6322841917977	0	0.823761904761906	0.643235771388744	0	0.711682692307692	0.252352785492284	0	1.38075445729968	E	E	E
Open.field.test.av..speed.periphery..cm.s.	Open field test:av. speed periphery (cm/s)	Open field	-0.0758974358974367	1	0	0.545714285714286	0.066928583485433	0	0.048333333333332	0.987668834657673	0	0.223076923076924	0.514493372352896	0	0.432838768718282	E	E	E
Open.field.test.av..speed.whole.arena..cm.s.	Open field test:av. speed whole arena (cm/s)	Open field	-0.102923076923076	1	0	0.535	0.107624897190012	0	0.124714285714285	0.933868430048111	0	0.216201923076923	0.562375829434568	0	0.701601732691478	E	E	E
Pavlovian.fear.conditioning.Freezing.....Con.1	Pavlovian fear conditioning:Freezing (%) Con-1	Pavlovian fear cond.	-10.4007179487179	0.951885262033203	0	-5.11857142857143	0.723218280201098	0	-14.8874761904762	0.67035505609052	0	0.947740384615386	0.925407983478676	0	1.56798131906223	E	E	E
Pavlovian.fear.conditioning.Freezing.....Con.2	Pavlovian fear conditioning:Freezing (%) Con-2	Pavlovian fear cond.	-2.99071794871795	1	0	10.475	0.453491540722424	0	-6.50747619047619	0.844006078677642	0	14.1332211538462	0.181798684868855	0	0.896823954114985	E	E	E
Pavlovian.fear.conditioning.Freezing.....Con.3	Pavlovian fear conditioning:Freezing (%) Con-3	Pavlovian fear cond.	1.85364102564102	1	0	20.12	0.0534148587370808	0	1.99347619047619	0.988301065718963	0	26.0335576923077	0.00821163307947992	1	0.428949130966493	E	E	E
Pavlovian.fear.conditioning.Freezing.....Cue.1	Pavlovian fear conditioning:Freezing (%) Cue-1	Pavlovian fear cond.	8.76215384615384	0.951885262033203	0	21.3085714285714	0.0600071709880638	0	3.77028571428571	0.982152215632872	0	32.9643269230769	0.00143362290002066	1	0.428026654639259	E	E	E
Pavlovian.fear.conditioning.Freezing.....Cue.2	Pavlovian fear conditioning:Freezing (%) Cue-2	Pavlovian fear cond.	5.70994871794871	0.969602459771339	0	38.0957142857143	0.000481946288043035	1	-0.443952380952382	0.987668834657673	0	41.0816346153846	0.000148230301767057	1	0.648789533340681	E	E	E
Pavlovian.fear.conditioning.Freezing.....total	Pavlovian fear conditioning:Freezing (%) total	Pavlovian fear cond.	-3.84497435897436	1	0	8.49071428571429	0.477451081938782	0	-6.46695238095238	0.844006078677642	0	13.70375	0.124529274547715	0	1.14360128055557	E	E	E
Pavlovian.fear.conditioning.Freezing.Cue.1	Pavlovian fear conditioning:Freezing Cue 1	Pavlovian fear cond.	10.5128205128205	0.951885262033203	0	25.5714285714286	0.0600071709880638	0	4.52380952380952	0.982152215632872	0	39.5576923076923	0.00143362290002066	1	0.428024577311132	E	E	E
Pavlovian.fear.conditioning.Freezing.Cue.2	Pavlovian fear conditioning:Freezing Cue 2	Pavlovian fear cond.	6.85128205128206	0.969602459771339	0	45.7142857142857	0.000481946288043035	1	-0.533333333333331	0.987668834657673	0	49.2980769230769	0.000148230301767057	1	0.648850026813234	E	E	E
Pavlovian.fear.conditioning.Freezing.Pre.cue.1	Pavlovian fear conditioning:Freezing Pre-cue 1	Pavlovian fear cond.	-1.05641025641026	1	0	3	0.762008554019977	0	-2.27619047619048	0.966548256195618	0	0.759615384615385	0.935573934495034	0	0.659101650852965	E	E	E
Pavlovian.fear.conditioning.Freezing.Pre.cue.2	Pavlovian fear conditioning:Freezing Pre-cue 2	Pavlovian fear cond.	5.17948717948718	0.969602459771339	0	8.14285714285714	0.407298992805982	0	-0.238095238095241	0.988301065718963	0	15.5	0.0554086908028448	0	0.21656632961958	E	E	E
Pavlovian.fear.conditioning.Freezing.conditioning.Hab.1	Pavlovian fear conditioning:Freezing conditioning Hab-1	Pavlovian fear cond.	3.48717948717949	0.815661822614011	0	-0.571428571428571	0.962758946071829	0	0.619047619047619	0.982152215632872	0	-0.759615384615385	0.822810352286205	0	0.226552115633702	E	E	E
Pavlovian.fear.conditioning.Freezing.conditioning.Hab.2	Pavlovian fear conditioning:Freezing conditioning Hab-2	Pavlovian fear cond.	-0.266666666666667	1	0	-1.42857142857143	0.807239047488328	0	-0.123809523809525	0.997139280905296	0	3.16346153846154	0.479580628024766	0	0.455407762697011	E	E	E
Pavlovian.fear.conditioning.Freezing.conditioning.post.us1	Pavlovian fear conditioning:Freezing conditioning post-us1	Pavlovian fear cond.	-10.0717948717949	0.969602459771339	0	19.4285714285714	0.10758685020004	0	-3.96190476190476	0.933868430048111	0	18.4134615384615	0.129632752806484	0	0.449856017819414	E	E	E
Pavlovian.fear.conditioning.Nb.cage	Pavlovian fear conditioning:Nb/cage	Pavlovian fear cond.	-0.97948717948718	0.165107449986906	0	0.0714285714285716	0.996825157544975	0	-0.919047619047619	0.204925385315915	0	0.413461538461538	0.359042968583944	0	2.49860470122618	E	E	E
Pavlovian.fear.conditioning.context.freezing.con.1	Pavlovian fear conditioning:context freezing con-1	Pavlovian fear cond.	-12.4820512820513	0.951885262033203	0	-6.14285714285715	0.723218280201098	0	-17.8666666666667	0.67035505609052	0	1.13461538461539	0.925407983478676	0	1.56805950546002	E	E	E
Pavlovian.fear.conditioning.context.freezing.con.2	Pavlovian fear conditioning:context freezing con-2	Pavlovian fear cond.	-3.58974358974358	1	0	12.5714285714286	0.453491540722424	0	-7.80952380952381	0.844006078677642	0	16.9615384615385	0.181798684868855	0	0.896885381590903	E	E	E
Pavlovian.fear.conditioning.context.freezing.con.3	Pavlovian fear conditioning:context freezing con-3	Pavlovian fear cond.	2.22564102564102	1	0	24.1428571428571	0.0534148587370808	0	2.39047619047619	0.988301065718963	0	31.2403846153846	0.00821163307947992	1	0.429096791326877	E	E	E
Pavlovian.fear.conditioning.freezing.total.context	Pavlovian fear conditioning:freezing total context	Pavlovian fear cond.	-13.8461538461538	1	0	30.5714285714286	0.477451081938782	0	-23.2857142857143	0.844006078677642	0	49.3365384615385	0.124529274547715	0	1.14376507239363	E	E	E
Rotarod.test.Body.weight..g.	Rotarod test:Body weight (g)	Rotarod	0.51794871794872	1	0	-5.11428571428571	6.05819734022145e-08	1	0.533333333333335	0.764301505623044	0	-5.12884615384615	1.14631778366014e-07	1	0.9287710733289	E	E	E
Rotarod.test.Mean.latency	Rotarod test:Mean latency	Rotarod	14.8522564102564	0.958068959763317	0	53.5492857142857	0.0141129252475936	1	-10.7360952380952	0.933868430048111	0	36.1401923076923	0.127328372706844	0	0.773984787982744	E	E	E
Rotarod.test.Nb.cage	Rotarod test:Nb/cage	Rotarod	-0.97948717948718	0.165107449986906	0	0.0714285714285716	0.996825157544975	0	-0.919047619047619	0.204925385315915	0	0.413461538461538	0.359042968583944	0	2.49860470122618	E	E	E
Rotarod.test.Passive.rotation..T1.	Rotarod test:Passive rotation (T1)	Rotarod	0.158974358974359	0.974504989819706	0	0.0714285714285714	0.808321079112645	0	-0.0333333333333334	0.987668834657673	0	0.240384615384615	0.372286567626249	0	0.411990901281797	E	E	E
Rotarod.test.Passive.rotation..T2.	Rotarod test:Passive rotation (T2)	Rotarod	0.0256410256410255	1	0	-0.0714285714285714	0.84726507845806	0	-0.0952380952380953	0.933868430048111	0	0.00961538461538458	0.978855983727533	0	0.725214596038904	E	E	E
Rotarod.test.Passive.rotation..T3.	Rotarod test:Passive rotation (T3)	Rotarod	0.0153846153846153	1	0	-0.0714285714285714	0.852079159662047	0	-0.171428571428571	0.85280339007752	0	-0.0384615384615385	0.935573934495034	0	0.0271877071164813	E	E	E
Rotarod.test.Trial.1..s.	Rotarod test:Trial 1 (s)	Rotarod	10.374358974359	1	0	52.0714285714286	0.0647578314334137	0	-28.4333333333333	0.67117940961113	0	40.3894230769231	0.116893765611824	0	1.44880525965864	E	E	E
Rotarod.test.Trial.2..s.	Rotarod test:Trial 2 (s)	Rotarod	23.7589743589743	0.951885262033203	0	51.3571428571429	0.0534148587370808	0	-5.93333333333334	0.982152215632872	0	37.2115384615385	0.186887353985013	0	0.500201198697159	E	E	E
Rotarod.test.Trial.3..s.	Rotarod test:Trial 3 (s)	Rotarod	10.425641025641	1	0	57.2142857142857	0.0369462342016415	1	2.16190476190474	0.997139280905296	0	30.8173076923077	0.359042968583944	0	0.0888656012651526	E	E	E
Shock.threshold.test.Freq..jump	Shock threshold test:Freq. jump	Shock threshold	0.0871794871794871	1	0	-0.214285714285714	0.26878361781177	0	-0.0666666666666667	0.84992379321223	0	-0.0769230769230769	0.488206668288425	0	0.323420127311821	E	E	E
Shock.threshold.test.Jump	Shock threshold test:Jump	Shock threshold	-0.00769230769230766	1	0	0.00714285714285712	0.968394046180541	0	NA	NA	NA	NA	NA	NA	NA	NA	NA	NA
Shock.threshold.test.Nb.cage	Shock threshold test:Nb/cage	Shock threshold	-1.05641025641026	0.165107449986906	0	0.142857142857143	0.949181009789465	0	-0.990476190476191	0.204925385315915	0	0.490384615384615	0.2882417351641	0	2.52159885216037	E	E	E
Shock.threshold.test.Vocalization	Shock threshold test:Vocalization	Shock threshold	0.0213333333333333	1	0	0.00857142857142859	0.940081283956391	0	0.0177619047619048	0.933868430048111	0	-0.0273076923076923	0.564014986438913	0	0.21775031122252	E	E	E
Test.de.Tolérance.au.Glucose..GTT..Body.weight..g.	Test de Tolérance au Glucose (GTT):Body weight (g)	Glucose tolerance test	1.1576923076923	0.951885262033203	0	-4.46593406593407	4.62444215208964e-07	1	0.69285714285714	0.698422417805669	0	-4.39583333333333	2.06765901265733e-07	1	1.08791718579347	E	E	E
Test.de.Tolérance.au.Glucose..GTT..Glucose.T0..mg.dl.	Test de Tolérance au Glucose (GTT):Glucose T0 (mg/dl)	Glucose tolerance test	-0.681318681318672	1	0	4.68681318681318	0.59140372813198	0	-4.21428571428571	0.869300203695345	0	2.83333333333333	0.714214097035156	0	0.359998259870657	E	E	E
Test.de.Tolérance.au.Glucose..GTT..Glucose.T0..mmol.l.	Test de Tolérance au Glucose (GTT):Glucose T0 (mmol/l)	Glucose tolerance test	-0.0362637362637361	1	0	0.258791208791209	0.59140372813198	0	-0.221428571428572	0.870744952470529	0	0.1625	0.693524685445956	0	0.353737201773912	E	E	E
Test.de.Tolérance.au.Glucose..GTT..Glucose.T120..mg.dl.	Test de Tolérance au Glucose (GTT):Glucose T120 (mg/dl)	Glucose tolerance test	5.89560439560439	0.969602459771339	0	-21.4725274725275	0.000256131941206726	1	-0.785714285714278	0.988301065718963	0	-31.5	0.000130013937586042	1	0.551348949447186	E	E	E
Test.de.Tolérance.au.Glucose..GTT..Glucose.T120..mmol.l.	Test de Tolérance au Glucose (GTT):Glucose T120 (mmol/l)	Glucose tolerance test	0.326923076923077	0.969602459771339	0	-1.17252747252747	0.000347882496308193	1	-0.0571428571428578	0.987668834657673	0	-1.72708333333333	0.000136399627503363	1	0.53668450470957	E	E	E
Test.de.Tolérance.au.Glucose..GTT..Glucose.T15..mg.dl.	Test de Tolérance au Glucose (GTT):Glucose T15 (mg/dl)	Glucose tolerance test	-3.93406593406593	1	0	1.11538461538464	0.996825157544975	0	-5.78571428571428	0.982152215632872	0	-2.54166666666669	0.935833366390033	0	0.529015356495581	E	E	E
Test.de.Tolérance.au.Glucose..GTT..Glucose.T15..mmol.l.	Test de Tolérance au Glucose (GTT):Glucose T15 (mmol/l)	Glucose tolerance test	-0.218681318681316	1	0	0.0406593406593387	0.996825157544975	0	-0.328571428571429	0.982152215632872	0	-0.143750000000001	0.935833366390033	0	0.535586340133894	E	E	E
Test.de.Tolérance.au.Glucose..GTT..Glucose.T30..mg.dl.	Test de Tolérance au Glucose (GTT):Glucose T30 (mg/dl)	Glucose tolerance test	5.14285714285717	1	0	-43.1208791208791	0.083185150591176	0	-7.78571428571428	0.971665148181776	0	-38.5625	0.124529274547715	0	0.114798459139135	E	E	E
Test.de.Tolérance.au.Glucose..GTT..Glucose.T30..mmol.l.	Test de Tolérance au Glucose (GTT):Glucose T30 (mmol/l)	Glucose tolerance test	0.279670329670331	1	0	-2.37142857142857	0.083185150591176	0	-0.421428571428571	0.972976638167551	0	-2.1	0.126041364275141	0	0.115499910844998	E	E	E
Test.de.Tolérance.au.Glucose..GTT..Glucose.T60..mg.dl.	Test de Tolérance au Glucose (GTT):Glucose T60 (mg/dl)	Glucose tolerance test	-20.978021978022	0.165107449986906	0	-48.3021978021978	0.000161208890821761	1	-16.7857142857143	0.67117940961113	0	-49.0416666666667	0.000523024163443252	1	0.413331253895266	E	E	E
Test.de.Tolérance.au.Glucose..GTT..Glucose.T60..mmol.l.	Test de Tolérance au Glucose (GTT):Glucose T60 (mmol/l)	Glucose tolerance test	-1.1489010989011	0.165107449986906	0	-2.67857142857143	0.000161208890821761	1	-0.914285714285715	0.67117940961113	0	-2.7	0.000519202990307709	1	0.405181735838519	E	E	E
Test.de.Tolérance.au.Glucose..GTT..Glucose.auc.positive..0.120...min.mg.dl.	Test de Tolérance au Glucose (GTT):Glucose auc positive (0-120) (min*mg/dl)	Glucose tolerance test	790.79120879121	1	0	-5349.34065934066	0.000161208890821761	1	232.285714285716	0.987668834657673	0	-5797.58333333333	0.000123005006541285	1	0.42961037243085	E	E	E
Test.de.Tolérance.au.Glucose..GTT..Glucose.auc.positive..0.120...min.mmol.l.	Test de Tolérance au Glucose (GTT):Glucose auc positive (0-120) (min*mmol/l)	Glucose tolerance test	43.5769230769231	1	0	-294.291208791209	0.000161208890821761	1	12.8571428571429	0.987668834657673	0	-319.0625	0.000123005006541285	1	0.430165501896194	E	E	E
Test.de.Tolérance.au.Glucose..GTT..Glucose.auc.0.120...min.mg.dl.	Test de Tolérance au Glucose (GTT):Glucose auc(0-120) (min*mg/dl)	Glucose tolerance test	-633.879120879121	0.951885262033203	0	-4298.51648351648	0.000609601052068383	1	-567	0.933868430048111	0	-4376.33333333333	0.0014071062448437	1	0.0814619600683552	E	E	E
Test.de.Tolérance.au.Glucose..GTT..Glucose.auc.0.120...min.mmol.l.	Test de Tolérance au Glucose (GTT):Glucose auc(0-120) (min*mmol/l)	Glucose tolerance test	-34.7142857142857	0.951885262033203	0	-236.472527472528	0.000609601052068383	1	-31	0.933868430048111	0	-240.833333333333	0.0014071062448437	1	0.0801024789936733	E	E	E
Ultrafocus...Densitométrie.osseuse.et.composition.corporelle.BMC..g.	Ultrafocus - Densitométrie osseuse et composition corporelle:BMC (g)	Body composition	0.00292307692307692	1	0	-0.0407142857142857	0.66048577667189	0	-0.00185714285714289	0.997139280905296	0	-0.0194711538461538	0.615387870994579	0	0.271273268511475	E	E	E
Ultrafocus...Densitométrie.osseuse.et.composition.corporelle.BMD..g.cm2.	Ultrafocus - Densitométrie osseuse et composition corporelle:BMD (g/cm2)	Body composition	-0.00041897435897436	1	0	-0.000907142857142856	0.996825157544975	0	-0.000312380952380953	0.997139280905296	0	-2.98076923076901e-05	0.999335186869425	0	0.149006728295877	E	E	E
Ultrafocus...Densitométrie.osseuse.et.composition.corporelle.BMD..mg.cm2.	Ultrafocus - Densitométrie osseuse et composition corporelle:BMD (mg/cm2)	Body composition	-0.415333333333336	1	0	-0.916428571428575	0.723218280201098	0	-0.302476190476192	0.987668834657673	0	-0.062596153846151	0.993243550568789	0	0.153822964211985	E	E	E
Ultrafocus...Densitométrie.osseuse.et.composition.corporelle.Body.length..cm.	Ultrafocus - Densitométrie osseuse et composition corporelle:Body length (cm)	Body composition	0.123589743589744	0.951885262033203	0	-0.15	0.274229424108761	0	0.118095238095238	0.67117940961113	0	-0.190384615384614	0.100205277639905	0	1.63115980772114	E	E	E
Ultrafocus...Densitométrie.osseuse.et.composition.corporelle.body.weight..g.	Ultrafocus - Densitométrie osseuse et composition corporelle:body weight (g)	Body composition	0.216923076923077	1	0	-4.49285714285714	2.33510247920211e-06	1	0.125714285714285	0.933868430048111	0	-4.42403846153846	2.21557177962088e-07	1	0.80991897484255	E	E	E
Ultrafocus...Densitométrie.osseuse.et.composition.corporelle.bone.area..cm2.	Ultrafocus - Densitométrie osseuse et composition corporelle:bone area (cm2)	Body composition	0.0501538461538455	1	0	-0.527142857142858	0.0371267268777018	1	-0.00171428571428578	0.997139280905296	0	-0.322451923076922	0.0279720952175412	1	0.284017973846223	E	E	E
Ultrafocus...Densitométrie.osseuse.et.composition.corporelle.fat.percent....	Ultrafocus - Densitométrie osseuse et composition corporelle:fat percent (%)	Body composition	1.36594871794872	0.969602459771339	0	-5.68285714285714	0.00017585690580618	1	0.669190476190476	0.870744952470529	0	-4.82230769230769	0.000464627266839438	1	0.451738051451429	E	E	E
Ultrafocus...Densitométrie.osseuse.et.composition.corporelle.fat.weight..g.	Ultrafocus - Densitométrie osseuse et composition corporelle:fat weight (g)	Body composition	0.444871794871795	0.969602459771339	0	-1.96357142857143	7.22636728817125e-06	1	0.204047619047619	0.790810614535675	0	-1.72086538461539	6.71208217770466e-07	1	0.728376674237345	E	E	E
Ultrafocus...Densitométrie.osseuse.et.composition.corporelle.lean.percent....	Ultrafocus - Densitométrie osseuse et composition corporelle:lean percent (%)	Body composition	-1.36594871794871	0.969602459771339	0	5.68285714285715	0.00017585690580618	1	-0.66990476190476	0.870744952470529	0	4.82307692307693	0.000464627266839438	1	0.452309095437996	E	E	E
Ultrafocus...Densitométrie.osseuse.et.composition.corporelle.lean.weight..g.	Ultrafocus - Densitométrie osseuse et composition corporelle:lean weight (g)	Body composition	-0.0483076923076915	1	0	-2.76	0.00312099716933147	1	-0.0710000000000015	0.997139280905296	0	-2.75466346153846	0.00111631589853762	1	0.682608007751838	E	E	E
Ultrafocus...Densitométrie.osseuse.et.composition.corporelle.sample.area..cm2.	Ultrafocus - Densitométrie osseuse et composition corporelle:sample area (cm2)	Body composition	0.368974358974359	1	0	-2.84928571428571	1.76540452741331e-05	1	0.143809523809523	0.933868430048111	0	-2.49485576923077	3.36498523314042e-06	1	0.745277559671174	E	E	E
Ultrafocus...Densitométrie.osseuse.et.composition.corporelle.soft.weight..g.	Ultrafocus - Densitométrie osseuse et composition corporelle:soft weight (g)	Body composition	0.395794871794873	1	0	-4.72285714285714	1.23147708181663e-05	1	0.133761904761904	0.933868430048111	0	-4.47629807692308	4.97047368776574e-07	1	0.822914917151357	E	E	E
Ultrafocus...Densitométrie.osseuse.et.composition.corporelle.total.weight..g.	Ultrafocus - Densitométrie osseuse et composition corporelle:total weight (g)	Body composition	0.398410256410255	1	0	-4.76214285714286	1.43718107600545e-05	1	0.133190476190475	0.933868430048111	0	-4.49548076923077	6.01386072959412e-07	1	0.821081352957476	E	E	E
